1,2,3,4,5,6,7,8,9,10,11,12,13,14,15,16,17,18,19,20,21,22,23,24,25,26,27,28,29,30,31,32,33,34,35,36,37,38,39,40,41,42,43,44,45,46
Unique Record Identifier,Original ID,Member Of,Resource Title,Resource Title alt,Digital File,External Link_Website Name,External Link_Website URL,Resource Description pri,Resource Description alt,Primary Language,Other Language,Themes ,Keywords ,Notes,Country ,Region ,City,Location,Coordinates,Non-Geolocated Place,Cultural Group,Cultural Context,Social Group Setting,Production Technique,Equipment used ,Date of creation ,Date of digitization,Date of publication,Rights Ownership ,Rights,TK Labels,BC Labels,Cultural Sensitivity,Access restriction,Reasons for restriction,Creator ,Contributors ,Time Period,Genre,Object,Slogan,Pandemic Event,Setting,Emotion,Way of Living
UFC00180001,,Archiving COVID-19 Heritage in Ho Chi Minh City,Nhu nhẩm thiết yếu ở cửa hàng thức ăn,Essential items at the food store,IFUFC00180001.jpg,,,"Trưng bày gel rửa tay cùng với chanh, ớt, và gia vị trên bàn ăn.","Display of hand sanitizer along with lemon, chili, and spices on the dining table.",Vietnamese,,,,,VNM,,Ho Chi Minh City,,"[10.775556, 106.701944]",,,,,,,,,,,Creative Commons BY-NC-ND,,,,accessible to public,,,,Bình Thường Mới,Thông Báo,,,,,,
UFC00180002,,Archiving COVID-19 Heritage in Ho Chi Minh City,Giữ khoảng cách bằng dây bẹ,Keep distance using a rope barrier,IFUFC00180002.jpg,,,Dây bẹ phân cách không gian tại cửa hàng tiện lợi.,Rope barriers separating space at a convenience store.,Vietnamese,,,,,VNM,,Ho Chi Minh City,,"[10.775556, 106.701944]",,,,,,,,,,,Creative Commons BY-NC-ND,,,,accessible to public,,,,Trong Dịch,Thông Báo,Phát Minh,,,Đường Phố;Nơi Công Cộng,,
UFC00180003,,Archiving COVID-19 Heritage in Ho Chi Minh City,Khu cách ly tại quận 4,Quarantine area in district 4,IFUFC00180003.jpg,,,Nơi trước đây là khu vui chơi thiếu nhi Thành Phố Hướng Nghiệp KizCiti được chuyển công năng thành khu cách ly cho Quận 4.,The former KizCiti vocational training playground has been converted into a quarantine area for District 4.,Vietnamese,,,,,VNM,,Ho Chi Minh City,Quận 4,"[10.775556, 106.701944]",,,,,,,,,,,Creative Commons BY-NC-ND,,,,accessible to public,,,,Trong Dịch,Chụp Điện Thoại,,Việt Nam Chiến Thắng Đại Dịch,Phong Tỏa;TestCovid,Khu Cách Ly Tập Trung,Lo Lắng;Chán Nản,Tình Nguyện;Cách Ly
UFC00180004,,Archiving COVID-19 Heritage in Ho Chi Minh City,COVID posters (2K),COVID posters (2K),IFUFC00180004.jpg,,,Posters với thông tin để chống dịch trong tình hình mới.,Posters with information to combat the epidemic in new circumstances.,Vietnamese,,,,,VNM,,Ho Chi Minh City,,"[10.775556, 106.701944]",,,,,,,,,,,Creative Commons BY-NC-ND,,,,accessible to public,,,,Bình Thường Mới,Chụp Điện Thoại;Quảng Cáo;Thông Báo,Đồ Bảo Hộ,5k;Việt Nam Chiến Thắng Đại Dịch;Bình Thường Mới,,Đường Phố,,Giúp Đỡ Cộng Đồng
UFC00180005,,Archiving COVID-19 Heritage in Ho Chi Minh City,Cửa hàng thuốc tây,Western medicine store,IFUFC00180005.jpg,,,Sử dụng dây ngăn cách ở cửa hàng thuốc.,Using separation ropes at the pharmacy.,Vietnamese,,,,,VNM,,Ho Chi Minh City,,"[10.775556, 106.701944]",,,,,,,,,,,Creative Commons BY-NC-ND,,,,accessible to public,,,,Trong Dịch,Thông Báo,,,,,,
UFC00180006,,Archiving COVID-19 Heritage in Ho Chi Minh City,Thông báo tại thang cuốn,Notice at the escalator,IFUFC00180006.jpg,,,"Thông báo cho biết thang cuốn đã được khử trùng. Thang cuốn ở trong Saigon Center, một trung tâm mua sắm bận rộn. ","Notice that the escalator has been sterilized. The escalator is in Saigon Center, a busy shopping mall.",Vietnamese,,,,,VNM,,Ho Chi Minh City,,"[10.775556, 106.701944]",,,,,,,,,,,Creative Commons BY-NC-ND,,,,accessible to public,,,,Bình Thường Mới,Thông Báo;Chụp Điện Thoại,Đồ Bảo Hộ;Phát Minh,Bình Thường Mới;Việt Nam Chiến Thắng Đại Dịch,,Nơi Công Cộng,,Giúp Đỡ Cộng Đồng
UFC00180007,,Archiving COVID-19 Heritage in Ho Chi Minh City,Tranh màu nước Sài Gòn mùa dịch,Watercolor paintings of Saigon during the epidemic,IFUFC00180007.jpg,,,"Tranh của bạn Nguyễn Tăng Quang. Như một nguồn cung cấp thông tin đáng tin cậy, biển báo không chỉ lan truyền thông điệp về cách bảo vệ bản thân cùng cộng đồng, mà những hình vẽ, câu chữ còn truyền tải sự động viên, khích lệ để cùng nhau vượt qua thời kỳ gian khó.","Painting by Nguyen Tang Quang. As a reliable source of information, the sign not only spreads the message about how to protect oneself and the community, but the drawings and words also convey encouragement and motivation to overcome difficult times together.",Vietnamese,,,,,VNM,,Ho Chi Minh City,,"[10.775556, 106.701944]",,,,,,,,,,,Creative Commons BY-NC-ND,,,,accessible to public,,,,Bình Thường Mới;Trong Dịch,Hội Hoạ,,Bình Thường Mới;Việt Nam Chiến Thắng Đại Dịch,,Đường Phố,,Giúp Đỡ Cộng Đồng
UFC00180008,,Archiving COVID-19 Heritage in Ho Chi Minh City,Thùng rát,Trash can,IFUFC00180008.jpg,,,Thùng rát chất lây  ở bệnh viện dã chiến Huyện Bình Chánh,Contaminated waste bin at the Binh Chanh District field hospital.,Vietnamese,,,,,VNM,,Ho Chi Minh City,"Đường Nguyễn Văn Linh, Huyện Bình Chánh","[10.775556, 106.701944]",,,,,,,,,,,Creative Commons BY-NC-ND,,,,accessible to public,,,,Bình Thường Mới,Nhiếp Ảnh,Dụng Cụ Y Tế;Đồ Bảo Hộ,Bình Thường Mới,,,,
UFC00180009,,Archiving COVID-19 Heritage in Ho Chi Minh City,"Xe ba gác với lời nhắn ""toàn dân phòng chống dịch""","Three-wheeled vehicle with the message ""everyone fights the epidemic""",IFUFC00180009.jpg,,,"Xe ba gác với lời nhắn ""toàn dân phòng chống dịch"" ở một bên của xe. Chủ nhân của chiếc xe đã tự tay viết lời nhắn này.","Three-wheeled vehicle with the message ""everyone fights the epidemic"" on one side. The owner of the vehicle wrote this message themselves.",Vietnamese,,,,,VNM,,Ho Chi Minh City,,"[10.775556, 106.701944]",,,,,,,,,,,Creative Commons BY-NC-ND,,,,accessible to public,,,,Trong Dịch;Bình Thường Mới,Chụp Điện Thoại;Thông Báo,Phương Tiện Giao Thông,Việt Nam Chiến Thắng Đại Dịch,,Đường Phố,Hy Vọng,
UFC00180010,,Archiving COVID-19 Heritage in Ho Chi Minh City,Thông điệp của bộ y tế,Message from the Ministry of Health,IFUFC00180010.jpg,,,Hướng dẫn phương pháp sinh hoạt để bảo vệ sức khoẻ hô hấp nói riêng và sức khoẻ cộng đồng nói chung.,Guidelines on living methods to protect respiratory health in particular and community health in general.,Vietnamese,,,,,VNM,,Ho Chi Minh City,,"[10.775556, 106.701944]",,,,,,,,,,,Creative Commons BY-NC-ND,,,,accessible to public,,,,Bình Thường Mới,Thông Báo,,,,Nơi Công Cộng,,
UFC00180011,,Archiving COVID-19 Heritage in Ho Chi Minh City,COVID posters,COVID posters,IFUFC00180011.jpg,,,"Posters với hình ảnh của người mang khẩu trang y, rửa tay và sử dụng súng khử trùng. ""Chung sức đồng lòng chống dịch COVID-19"".","Posters with images of a person wearing a medical mask, washing hands, and using a disinfectant gun. ""Joint efforts to fight COVID-19.""",Vietnamese,,,,,VNM,,Ho Chi Minh City,,"[10.775556, 106.701944]",,,,,,,,,,,Creative Commons BY-NC-ND,,,,accessible to public,,,,Bình Thường Mới,Chụp Điện Thoại;Quảng Cáo;Thông Báo,Đồ Bảo Hộ,Việt Nam Chiến Thắng Đại Dịch;Bình Thường Mới,,Đường Phố,,Giúp Đỡ Cộng Đồng
UFC00180012,,Archiving COVID-19 Heritage in Ho Chi Minh City,Hệ thống máy IOT Check-In Bách Khoa,IOT Check-In system at Bách Khoa,IFUFC00180012.jpg,,,"Một booth check-in sáng tạo tại đại học Quốc Gia, tự kiểm tra nhiệt độ cơ thể, thông tin sinh viên và rửa tay.","An innovative check-in booth at the National University for self-checking body temperature, student information, and hand washing.",Vietnamese,,,,,VNM,,Ho Chi Minh City,,"[10.775556, 106.701944]",,,,,,,,,,,Creative Commons BY-NC-ND,,,,accessible to public,,,,Bình Thường Mới,Chụp Điện Thoại,Dụng Cụ Y Tế,,TestCovid,Cơ Quan,Hy Vọng;Biết Ơn,Giúp Đỡ Cộng Đồng
UFC00180013,,Archiving COVID-19 Heritage in Ho Chi Minh City,Cổ động toàn dân chung tay chống dịch,Encouraging everyone to join hands to fight the epidemic,IFUFC00180013.jpg,,,"Mừng đại hội Đại Biểu Đoàn TNCS Hồ Chí Minh Phường 13, quận 4, lần thứ I nhiệm kỳ 2022 - 2027","Celebrating the first congress of the Ho Chi Minh Communist Youth Union, Ward 13, District 4, term 2022 - 2027.",Vietnamese,,,,,VNM,,Ho Chi Minh City,"Phường 13, quận 4, TP.HCM","[10.775556, 106.701944]",,,,,,,,,,,Creative Commons BY-NC-ND,,,,accessible to public,,,,Bình Thường Mới,Chụp Điện Thoại;Thông Báo,Biển Hiệu Cổ Động,Bình Thường Mới,,Đường Phố,Hy Vọng,
UFC00180014,,Archiving COVID-19 Heritage in Ho Chi Minh City,Các triệu chứng nhiễm COVID,Symptoms of COVID infection,IFUFC00180014.jpg,,,"Quảng cáo điện tử với thông điệp về các triệu chứng nhiễm COVID như sốt, ho, khó thở và nói bất cứ ai có những triệu chứng này phải đến ngay cơ sở y tế gần nhất để được tư vấn, thăm khám, chữa bệnh. Quảng cáo này ở đường Nguyễn Huệ, một con đường du lịch.","Electronic advertisement with information about COVID symptoms such as fever, cough, difficulty breathing and advising anyone with these symptoms to immediately visit the nearest medical facility for consultation, examination, and treatment. This advertisement is on Nguyen Hue street, a tourist road.",Vietnamese,,,,,VNM,,Ho Chi Minh City,,"[10.775556, 106.701944]",,,,,,,,,,,Creative Commons BY-NC-ND,,,,accessible to public,,,,Bình Thường Mới,Thông Báo;Chụp Điện Thoại;Quảng Cáo,Biển Hiệu Cổ Động,Bình Thường Mới,TestCovid,Đường Phố;Nơi Công Cộng,Hoảng Sợ;Lo Lắng,Giúp Đỡ Cộng Đồng;Cách Ly
UFC00180015,,Archiving COVID-19 Heritage in Ho Chi Minh City,Đi siêu thị mùa dịch,Going to the supermarket during the epidemic,IFUFC00180015.jpg,,,"Mình chụp bức hình này trong lúc xếp hàng ở SatraMart, một siêu thị nhỏ các ký túc xá khoảng 1 cây số. Dưới phương pháp cách ly xã hội của chính quyền địa phương vào mùa hè năm 2021, những dân cư như mình chỉ được phép ra ngoài mua nhu yếu phẩm 2 lần một tuần. Chính vì thế, mỗi nhà trong ký túc xá phải chia nhau “vé đi chợ” để mua đồ ăn và những vật dụng cần thiết cho sinh hoạt. Đây là cuộc họp mặt đầu tiên mà có nhiều hơn 2 người trong suốt khoảng thời gian đó, tụi mình cũng muốn đi chung để có thể xách thực phẩm tiếp nhau. Tụi mình rất vui và…lạ vì được gặp nhau, nên cả nhóm quyết định đi thêm 1 siêu thị nữa ở gần ký túc xá. Mua nhiều quá nên tối ngày hôm đó thì tụi mình rủ nhau nấu cà ri để ăn dần.","I took this photo while queuing at SatraMart, a small supermarket about 1 kilometer from the dormitories. Under the social distancing measures of the local government in the summer of 2021, residents like me were only allowed to go out to buy essentials twice a week. Therefore, each household in the dormitory had to share ""market tickets"" to buy food and necessary items for living. This was the first meeting with more than 2 people during that time, and we also wanted to go together to help carry the food. We were very happy and... strange to see each other, so the group decided to go to another supermarket near the dormitory. We bought so much that we decided to cook curry to eat gradually that evening.",Vietnamese,,,,,VNM,,Ho Chi Minh City,,"[10.775556, 106.701944]",,,,,,,,,,,Creative Commons BY-NC-ND,,,,accessible to public,,,,Trong Dịch;Bình Thường Mới,Chụp Điện Thoại,Khẩu Trang,Bình Thường Mới,,Đường Phố,Hồi Hộp;Hy Vọng,
UFC00180016,,Archiving COVID-19 Heritage in Ho Chi Minh City,Biển quảng cáo dịch vụ trên tường,Wall service advertisement,IFUFC00180016.jpg,,,Quảng cáo dịch vụ tư vấn bệnh nhân F0 tại gia.,Advertisement for home consultation services for F0 patients.,Vietnamese,,,,,VNM,,Ho Chi Minh City,,"[10.775556, 106.701944]",,,,,,,,,,,Creative Commons BY-NC-ND,,,,accessible to public,,,,Bình Thường Mới,Quảng Cáo,,,,,,
UFC00180017,,Archiving COVID-19 Heritage in Ho Chi Minh City,Biển báo công cộng,Public sign,IFUFC00180017.jpg,,,"Biển báo chống dịch được đặt giữa trung tâm, dưới tán cây xanh và những khu hàng rong dưới đường.","Epidemic prevention sign placed in the center, under green trees and street vendor areas.",Vietnamese,,,,,VNM,,Ho Chi Minh City,,"[10.775556, 106.701944]",,,,,,,,,,,Creative Commons BY-NC-ND,,,,accessible to public,,,,Bình Thường Mới;Trong Dịch,Thông Báo,Biển Hiệu Cổ Động,,,Cơ Quan,,
UFC00180018,,Archiving COVID-19 Heritage in Ho Chi Minh City,Poster trước thang máy,Elevator front poster,IFUFC00180018.jpg,,,Hướng dẫn sử dụng khẩu trang đúng cách trước cửa thang máy.,Instructions on the proper use of masks in front of the elevator door.,Vietnamese,,,,,VNM,,Ho Chi Minh City,,"[10.775556, 106.701944]",,,,,,,,,,,Creative Commons BY-NC-ND,,,,accessible to public,,,,Bình Thường Mới,Thông Báo,,,,,,
UFC00180019,,Archiving COVID-19 Heritage in Ho Chi Minh City,Tranh tường cổ động 5k,Wall mural promoting 5k,IFUFC00180019.jpg,,,"Một phần của bức tranh tường với hình người nhân viên y tế và 5k và lời nhắn nói ""Lá chắn thép để bảo vệ bạn khỏi Covid-19"". Bức tranh tường cho thấy các nhân viên y tế đang hành động và tôn vinh họ.","Part of a wall painting with the image of a medical staff member and 5k, and a message saying ""A steel shield to protect you from Covid-19"".",Vietnamese,,,,,VNM,,Ho Chi Minh City,,"[10.775556, 106.701944]",,,,,,,,,,,Creative Commons BY-NC-ND,,,,accessible to public,,,,Trong Dịch;Bình Thường Mới,Hội Hoạ Đường Phố,,Việt Nam Chiến Thắng Đại Dịch;Bình Thường Mới;5k,,Đường Phố,Hồi Hộp;Hy Vọng;Biết Ơn,Giúp Đỡ Cộng Đồng
UFC00180020,,Archiving COVID-19 Heritage in Ho Chi Minh City,Tranh tường với hình người nhân viên y tế và ai đó đang kiểm tra nhiệt độ,Wall painting with a health worker and someone checking temperature,IFUFC00180020.jpg,,,"Một phần của bức tranh tường tôn vinh nhân viên y tế cũng như một người được kiểm tra nhiệt độ và có thông tin đề nghị mọi người ""Luôn đo thanh nhiệt để ngừa bệnh""","Part of a wall painting honoring medical staff as well as a person being temperature checked with information advising people to ""Always measure temperature to prevent illness"".",Vietnamese,,,,,VNM,,Ho Chi Minh City,,"[10.775556, 106.701944]",,,,,,,,,,,Creative Commons BY-NC-ND,,,,accessible to public,,,,Trong Dịch;Bình Thường Mới,Hội Hoạ Đường Phố,Khẩu Trang;Dụng Cụ Y Tế;Đồ Bảo Hộ;Đồ Cứu Trợ,Việt Nam Chiến Thắng Đại Dịch;5k,,Đường Phố,Hy Vọng;Biết Ơn,Giúp Đỡ Cộng Đồng;Tình Nguyện
UFC00180021,,Archiving COVID-19 Heritage in Ho Chi Minh City,Đường phố sau dịch,Streets after the epidemic,IFUFC00180021.jpg,,,Lằn ranh vàng trước mặt cửa hàng cho khách biết rằng mình không nên bước qua.,The yellow line in front of the store lets customers know they should not cross it.,Vietnamese,,,,,VNM,,Ho Chi Minh City,,"[10.775556, 106.701944]",,,,,,,,,,,Creative Commons BY-NC-ND,,,,accessible to public,,,,Bình Thường Mới,Chụp Điện Thoại,Biển Hiệu Cổ Động;Đồ Bảo Hộ,Bình Thường Mới,Phong Tỏa,Đường Phố,,Cách Ly;Giúp Đỡ Cộng Đồng
UFC00180022,,Archiving COVID-19 Heritage in Ho Chi Minh City,Bệnh viện dã chiến Bình Chánh,Bình Chánh field hospital,IFUFC00180022.jpg,,,Cổng trước của bệnh viện dã chiến Huyện Bình Chánh,The front gate of the Binh Chanh District field hospital.,Vietnamese,,,,,VNM,,Ho Chi Minh City,"Đường Nguyễn Văn Linh, Huyện Bình Chánh","[10.775556, 106.701944]",,,,,,,,,,,Creative Commons BY-NC-ND,,,,accessible to public,,,,Bình Thường Mới,Nhiếp Ảnh,Rào Chắn,Bình Thường Mới,,Bệnh Viện Đa Chiến,,
UFC00180023,,Archiving COVID-19 Heritage in Ho Chi Minh City,Rửa tay,Wash hands,IFUFC00180023.jpg,,,Khuyến khích rửa tay đúng cách bằng xà phòng.,Encouraging proper hand washing with soap.,Vietnamese,,,,,VNM,,Ho Chi Minh City,,"[10.775556, 106.701944]",,,,,,,,,,,Creative Commons BY-NC-ND,,,,accessible to public,,,,Bình Thường Mới,Thông Báo,Dụng Cụ Y Tế,,,Nơi Công Cộng,,
UFC00180024,,Archiving COVID-19 Heritage in Ho Chi Minh City,Thông điệp 5-không,Message 5-no,IFUFC00180024.jpg,,,Thông điệp 5-không ẩn mình sau các vật dụng bừa bãi,The message of '5-no' hidden behind cluttered items.,Vietnamese,,,,,VNM,,Ho Chi Minh City,,"[10.775556, 106.701944]",,,,,,,,,,,Creative Commons BY-NC-ND,,,,accessible to public,,,,Bình Thường Mới;Trong Dịch,Thông Báo,Biển Hiệu Cổ Động,,,,,
UFC00180025,,Archiving COVID-19 Heritage in Ho Chi Minh City,Áp phích hướng dẫn 5k,5k instruction poster,IFUFC00180025.jpg,,,"Một áp phích trên đường phố thông bao về 5k, bên ngoài tổng lãnh sự quán Anh. ",A poster on the street announcing 5k outside the British Consulate.,Vietnamese,,,,,VNM,,Ho Chi Minh City,,"[10.775556, 106.701944]",,,,,,,,,,,Creative Commons BY-NC-ND,,,,accessible to public,,,,Bình Thường Mới;Trong Dịch,Thông Báo;Chụp Điện Thoại,,5k,,Đường Phố,Lo Lắng;Hoảng Sợ,
UFC00180026,,Archiving COVID-19 Heritage in Ho Chi Minh City,Bảng hiệu trong kho,Sign in the warehouse,IFUFC00180026.jpg,,,"Cuối cùng thì các bảng hiệu thời Covid đã được cất vào kho. Một bảng hiệu thông báo rằng là phải ""Thực hiện nghiêm 5K - thông điệp phòng chống dịch Covid-19"".","Finally, the Covid-era signboards have been stored away. A signboard announces that one must ""Strictly follow 5K - the message to prevent Covid-19 epidemic.""",Vietnamese,,,,,VNM,,Ho Chi Minh City,,"[10.775556, 106.701944]",,,,,,,,,,,Creative Commons BY-NC-ND,,,,accessible to public,,,,Trong Dịch;Bình Thường Mới,Chụp Điện Thoại;Thông Báo,Biển Hiệu Cổ Động,Bình Thường Mới;Việt Nam Chiến Thắng Đại Dịch;5k,,Đường Phố,,Cách Ly;Giúp Đỡ Cộng Đồng
UFC00180027,,Archiving COVID-19 Heritage in Ho Chi Minh City,Check in,Check in,IFUFC00180027.jpg,,,"Check in vaccine, nhiệt độ cơ thể, và sát khuẩn.","Check in vaccine, body temperature, and disinfection.",Vietnamese,,,,,VNM,,Ho Chi Minh City,,"[10.775556, 106.701944]",,,,,,,,,,,Creative Commons BY-NC-ND,,,,accessible to public,,,,Bình Thường Mới,Thông Báo,,,,,,
UFC00180028,,Archiving COVID-19 Heritage in Ho Chi Minh City,Nhà thuốc Phú An ,Phú An pharmacy,IFUFC00180028.jpg,,,Biển báo nhà thuốc đi kèm với thông điệp chống dịch,Pharmacy sign with an epidemic prevention message.,Vietnamese,,,,,VNM,,Ho Chi Minh City,,"[10.775556, 106.701944]",,,,,,,,,,,Creative Commons BY-NC-ND,,,,accessible to public,,,,Trong Dịch,Thông Báo;Quảng Cáo,Biển Hiệu Cổ Động,,,,,
UFC00180029,,Archiving COVID-19 Heritage in Ho Chi Minh City,Vùng xanh đã hòa vào toàn thành phố,The green zone has merged into the whole city,IFUFC00180029.jpg,,,"Một biểu ngữ báo Vùng Xanh - Chốt thực hiện chỉ thị 16.
Vùng Xanh là vùng không có F0, là mơ ước của rất nhiều người trong mùa dịch.","""A banner announcing the Green Zone - Implementing Directive 16. The Green Zone is an area without F0, a dream of many people during the epidemic.""",Vietnamese,,,,,VNM,,Ho Chi Minh City,"Phường 13, Quận 4, TP.HCM","[10.775556, 106.701944]",,,,,,,,,,,Creative Commons BY-NC-ND,,,,accessible to public,,,,Bình Thường Mới,Chụp Điện Thoại;Thông Báo,Biển Hiệu Cổ Động,,,Đường Phố,,
UFC00180030,,Archiving COVID-19 Heritage in Ho Chi Minh City,Một quảng cáo điện tử với thông điệp về COVID,An electronic advertisement with a message about COVID,IFUFC00180030.jpg,,,"Một quảng cáo điện tử đối diện một trung tâm mua sắm nổi tiếng. Quảng cáo nay thông báo rằng mình nên bảo vệ chính bản, gia đình và xã hội.","Three-wheeled vehicle with the message ""everyone fights the epidemic"" on one side. The owner of the vehicle wrote this message themselves.",Vietnamese,,,,,VNM,,Ho Chi Minh City,,"[10.775556, 106.701944]",,,,,,,,,,,Creative Commons BY-NC-ND,,,,accessible to public,,,,Bình Thường Mới;Trong Dịch,Chụp Điện Thoại;Thông Báo;Quảng Cáo,Khẩu Trang;Đồ Bảo Hộ,Việt Nam Chiến Thắng Đại Dịch;Bình Thường Mới,,Đường Phố,Hồi Hộp;Hoảng Sợ;Lo Lắng,
UFC00180031,,Archiving COVID-19 Heritage in Ho Chi Minh City,Biển quảng cáo trước khu phố,Advertising sign in front of the neighborhood,IFUFC00180031.jpg,,,Quảng cáo khẩu trang mua một tặng một.,"Electronic advertisement opposite a famous shopping center. The advertisement now announces that one should protect themselves, their family, and society.",Vietnamese,,,,,VNM,,Ho Chi Minh City,,"[10.775556, 106.701944]",,,,,,,,,,,Creative Commons BY-NC-ND,,,,accessible to public,,,,Bình Thường Mới,Quảng Cáo,,,,,,
UFC00180032,,Archiving COVID-19 Heritage in Ho Chi Minh City,Rào chắn,Barrier,IFUFC00180032.jpg,,,"Rào chắn, một tín hiệu cho việc hạn chế đi lại và ra vào trước khu vực công cộng.",Advertisement for buy one get one free masks.,Vietnamese,,,,,VNM,,Ho Chi Minh City,,"[10.775556, 106.701944]",,,,,,,,,,,Creative Commons BY-NC-ND,,,,accessible to public,,,,Trong Dịch,Thông Báo,,,,Nơi Công Cộng;Nhà,,
UFC00180033,,Archiving COVID-19 Heritage in Ho Chi Minh City,GS25 Thông báo đeo khẩu trang,GS25 Notice to wear masks,IFUFC00180033.jpg,,,Cửa hàng tiện lợi GS25 yêu cầu khách hàng đeo khẩu trang khi thăm quan mua sắm.,"Barriers, a signal for restricting movement and access in front of public areas.",Vietnamese,,,,,VNM,,Ho Chi Minh City,,"[10.775556, 106.701944]",,,,,,,,,,,Creative Commons BY-NC-ND,,,,accessible to public,,,,Bình Thường Mới,Thông Báo,,5k,,Nơi Công Cộng,,
UFC00180034,,Archiving COVID-19 Heritage in Ho Chi Minh City,Bán khẩu trang,Sell masks,IFUFC00180034.jpg,,,"Bảng quảng cáo cho các loại khẩu trang ngoài một nhà dân. Trong dịch, người dân vẫn cố gắng kinh doanh bằng cách này hay cách khác.",GS25 convenience store requires customers to wear masks while shopping.,Vietnamese,,,,,VNM,,Ho Chi Minh City,,"[10.775556, 106.701944]",,,,,,,,,,,Creative Commons BY-NC-ND,,,,accessible to public,,,,Trong Dịch;Bình Thường Mới,Thông Báo;Quảng Cáo;Chụp Điện Thoại,Khẩu Trang;Dụng Cụ Y Tế;Đồ Bảo Hộ;Biển Hiệu Cổ Động,Bình Thường Mới,,,,
UFC00180035,,Archiving COVID-19 Heritage in Ho Chi Minh City,Áp phích hướng dẫn 5k,5k instruction poster,IFUFC00180035.jpg,,,"Bảng hiệu nay ở một đại học và có thông tin về sử dụng đường dây nóng khi có dấu hiệu sốt, họ, khó thở gọi đường dây nóng.  Bảng hiệu cũng có thông tin về 5K.","Advertising board for various masks outside a house. During the epidemic, people still try to do business in one way or another.",Vietnamese,,,,,VNM,,Ho Chi Minh City,,"[10.775556, 106.701944]",,,,,,,,,,,Creative Commons BY-NC-ND,,,,accessible to public,,,,Bình Thường Mới;Trong Dịch,Thông Báo;Chụp Điện Thoại,Biển Hiệu Cổ Động,Bình Thường Mới;5k,,,,
UFC00180036,,Archiving COVID-19 Heritage in Ho Chi Minh City,Face shield bị bỏ quên ,Face shield forgotten,IFUFC00180036.jpg,,,Face shield bị bỏ quên ở bệnh viên dã chiến Huyện Bình Chánh,"A sign now at a university has information about using the hotline when showing signs of fever, cough, difficulty breathing. The sign also contains information about 5K.",Vietnamese,,,,,VNM,,Ho Chi Minh City,"Đường Nguyễn Văn Linh, Huyện Bình Chánh","[10.775556, 106.701944]",,,,,,,,,,,Creative Commons BY-NC-ND,,,,accessible to public,,,,Bình Thường Mới,Nhiếp Ảnh,Dụng Cụ Y Tế;Đồ Bảo Hộ,,,Bệnh Viện Đa Chiến;Khu Cách Ly Tập Trung,Cô Đơn,
UFC00180037,,Archiving COVID-19 Heritage in Ho Chi Minh City,Biển hộ phòng chống covid,COVID protection sign,IFUFC00180037.jpg,,,"Tấm biển hiệu được treo trước sân, lưu lại cho những dịp sử dụng khác.",Face shield forgotten at the Binh Chanh District field hospital.,Vietnamese,,,,,VNM,,Ho Chi Minh City,,"[10.775556, 106.701944]",,,,,,,,,,,Creative Commons BY-NC-ND,,,,accessible to public,,,,Trong Dịch;Bình Thường Mới,Thông Báo,Biển Hiệu Cổ Động,,,,,
UFC00180038,,Archiving COVID-19 Heritage in Ho Chi Minh City,Một hộ dân bị phong tỏa,A household is quarantined,IFUFC00180038.jpg,,,"Một hộ dân còn đang cách ly vì có F0 tại phường 9, quận 4","The signboard is hung in front of the yard, saved for other occasions.",Vietnamese,,,,,VNM,,Ho Chi Minh City,,"[10.775556, 106.701944]",,,,,,,,,,,Creative Commons BY-NC-ND,,,,accessible to public,,,,Trong Dịch,Thông Báo;Chụp Điện Thoại,,,Phong Tỏa,Nhà,Lo Lắng;Hoảng Sợ;Hồi Hộp;Cô Đơn,Cách Ly
UFC00180039,,Archiving COVID-19 Heritage in Ho Chi Minh City,Bảng hiệu Covid ở hồ bơi,Covid sign at the pool,IFUFC00180039.jpg,,,"Bảng hiệu với hướng dẫn để ngăn chặn Covid, theo thông điệp phòng chống của bộ y tế như 5k.","A household is still in quarantine due to having an F0 case in ward 9, district 4.",Vietnamese,,,,,VNM,,Ho Chi Minh City,,"[10.775556, 106.701944]",,,,,,,,,,,Creative Commons BY-NC-ND,,,,accessible to public,,,,Trong Dịch;Bình Thường Mới,Quảng Cáo;Thông Báo;Chụp Điện Thoại,Biển Hiệu Cổ Động,5k;Bình Thường Mới,,Đường Phố,Lo Lắng,Cách Ly;Giúp Đỡ Cộng Đồng
UFC00180040,,Archiving COVID-19 Heritage in Ho Chi Minh City,Quay lại trường lớp,Return to school,IFUFC00180040.jpg,,,Thông báo của trường đại học Khoa Học Xã Hội và Nhân Văn về phòng chống covid.,"Signboard with instructions to prevent Covid, according to the Ministry of Health's prevention message like 5k.",Vietnamese,,,,,VNM,,Ho Chi Minh City,,"[10.775556, 106.701944]",,,,,,,,,,,Creative Commons BY-NC-ND,,,,accessible to public,,,,Bình Thường Mới,Thông Báo,,5k;Bình Thường Mới,,Trường Đại Học,,
UFC00180041,,Archiving COVID-19 Heritage in Ho Chi Minh City,Khai báo y tế,Medical declaration,IFUFC00180041.jpg,,,Tờ giấy in A4 có nội dung yêu cầu khai báo y tế ở trước phòng học tại Đại học Tôn Đức Thắng.,Announcement from the University of Social Sciences and Humanities on covid prevention.,Vietnamese,,,,,VNM,,Ho Chi Minh City,,"[10.775556, 106.701944]",,,,,,,,,,,Creative Commons BY-NC-ND,,,,accessible to public,,,,Bình Thường Mới,Thông Báo,Dụng Cụ Y Tế,,,,,
UFC00180042,,Archiving COVID-19 Heritage in Ho Chi Minh City,Khai báo y tế,Medical declaration,IFUFC00180042.jpg,,,Tờ rơi khai báo y tế trên tường của khu vực công cộng.,An A4 paper requiring medical declaration in front of the classroom at Ton Duc Thang University.,Vietnamese,,,,,VNM,,Ho Chi Minh City,,"[10.775556, 106.701944]",,,,,,,,,,,Creative Commons BY-NC-ND,,,,accessible to public,,,,Bình Thường Mới,Thông Báo,Dụng Cụ Y Tế,,,,,
UFC00180043,,Archiving COVID-19 Heritage in Ho Chi Minh City,Không tụ tập đông người,No gathering in crowds,IFUFC00180043.jpg,,,"Quảng cáo điện tử với tiêu đề ""Không tụ tập đông người để tránh nguy cơ lây nhiễm"". Quảng cáo này ở đường Nguyễn Huệ, một con đường du lịch.",Health declaration flyers on the walls of public areas.,Vietnamese,,,,,VNM,,Ho Chi Minh City,,"[10.775556, 106.701944]",,,,,,,,,,,Creative Commons BY-NC-ND,,,,accessible to public,,,,Bình Thường Mới,Thông Báo;Chụp Điện Thoại;Quảng Cáo,Biển Hiệu Cổ Động,Bình Thường Mới,,Đường Phố;Nơi Công Cộng,Cô Đơn;Lo Lắng;Hoảng Sợ,Giúp Đỡ Cộng Đồng
UFC00180044,,Archiving COVID-19 Heritage in Ho Chi Minh City,Cửa hàng quần áo,Clothing store,IFUFC00180044.jpg,,,Cửa hàng quần áo trưng bày thông điệp 5K của sở y tế sở tại ở tỉnh Tây Ninh.,"Electronic advertisement with the title ""Do not gather in large groups to avoid the risk of infection"". This advertisement is on Nguyen Hue street, a tourist road.",Vietnamese,,,,,VNM,,Ho Chi Minh City,,"[10.775556, 106.701944]",,,,,,,,,,,Creative Commons BY-NC-ND,,,,accessible to public,,,,Bình Thường Mới,Quảng Cáo,,,,,,
UFC00180045,,Archiving COVID-19 Heritage in Ho Chi Minh City,Bảng hiệu ở bên đường vào đại học,Roadside sign entering the university,IFUFC00180045.jpg,,,Bảng hiệu ở bên đường vào đại học với thông tin về cách để ngăn chặn phòng dịch covid. ,A clothing store displays the 5K message from the health department of Tay Ninh province.,Vietnamese,,,,,VNM,,Ho Chi Minh City,,"[10.775556, 106.701944]",,,,,,,,,,,Creative Commons BY-NC-ND,,,,accessible to public,,,,Bình Thường Mới;Trong Dịch,Thông Báo;Chụp Điện Thoại,Biển Hiệu Cổ Động,Bình Thường Mới,,Trường Đại Học,,Học
UFC00180046,,Archiving COVID-19 Heritage in Ho Chi Minh City,Biển hiệu Covid tại văn phòng,Covid sign at the office,IFUFC00180046.jpg,,,"Bảng hiệu với thông tin ""Phòng chống dịch bệnh Covid-19 tại nơi làm việc"" ở trước mặt bãi đậu xe của nơi làm việc. Bảng này có khác loại thông tin ví dụ ""tăng cường vệ sinh cá nhân"" và ""tập thể dục giữa ca làm việc"".",A signboard by the road entering the university with information on how to prevent the spread of covid.,Vietnamese,,,,,VNM,,Ho Chi Minh City,,"[10.775556, 106.701944]",,,,,,,,,,,Creative Commons BY-NC-ND,,,,accessible to public,,,,Bình Thường Mới,Thông Báo;Chụp Điện Thoại,Biển Hiệu Cổ Động,Bình Thường Mới;Việt Nam Chiến Thắng Đại Dịch,,Nơi Làm Việc,,Làm Việc
UFC00180047,,Archiving COVID-19 Heritage in Ho Chi Minh City,Texas Chicken ,Texas Chicken,IFUFC00180047.jpg,,,Yêu cầu diệt khuẩn bằng dung dịch trước khi vào cửa hàng Texas Chicken.,"Signboard with information ""Preventing Covid-19 at the workplace"" in front of the parking lot of the workplace. This board has various information such as ""enhance personal hygiene"" and ""exercise during work breaks"".",Vietnamese,,,,,VNM,,Ho Chi Minh City,,"[10.775556, 106.701944]",,,,,,,,,,,Creative Commons BY-NC-ND,,,,accessible to public,,,,Bình Thường Mới,Quảng Cáo,,Bình Thường Mới,,,,
UFC00180048,,Archiving COVID-19 Heritage in Ho Chi Minh City,Thông điệp 5K ,5K message,IFUFC00180048.jpg,,,Thông điệp 5K được trưng dụng tại cửa hàng cùng với dung dịch sát khuẩn.,Request to disinfect with a solution before entering Texas Chicken store.,Vietnamese,,,,,VNM,,Ho Chi Minh City,,"[10.775556, 106.701944]",,,,,,,,,,,Creative Commons BY-NC-ND,,,,accessible to public,,,,Bình Thường Mới,Thông Báo,,5k,,,,
UFC00180049,,Archiving COVID-19 Heritage in Ho Chi Minh City,Bảng tin khu phố thời Covid,Neighborhood bulletin board during Covid,IFUFC00180049.jpg,,,Bảng tin khu phố với các loại thông tin như cách chuẩn bị thức ăn đúng cách và cách để phòng chống dịch.,The 5K message displayed at the store along with disinfectant.,Vietnamese,,,,,VNM,,Ho Chi Minh City,,"[10.775556, 106.701944]",,,,,,,,,,,Creative Commons BY-NC-ND,,,,accessible to public,,,,Trong Dịch;Bình Thường Mới,Thông Báo;Quảng Cáo,Biển Hiệu Cổ Động,Bình Thường Mới;Việt Nam Chiến Thắng Đại Dịch,Phong Tỏa,Đường Phố;Nhà,,Cách Ly;Giúp Đỡ Cộng Đồng
UFC00180050,,Archiving COVID-19 Heritage in Ho Chi Minh City,Bảng hiệu về 5k trên tường,5k sign on the wall,IFUFC00180050.jpg,,,Bảng hiệu về 5k trên tường. Bảng hiệu này ở trước mặt một hồ bơi cho trẻ em và nhắc nhở mọi người tuân theo các hướng dẫn chăm sóc sức khỏe.,Neighborhood bulletin board with various information such as how to properly prepare food and how to prevent the epidemic.,Vietnamese,,,,,VNM,,Ho Chi Minh City,,"[10.775556, 106.701944]",,,,,,,,,,,Creative Commons BY-NC-ND,,,,accessible to public,,,,Bình Thường Mới;Trong Dịch,Chụp Điện Thoại;Thông Báo;Quảng Cáo,Biển Hiệu Cổ Động,Việt Nam Chiến Thắng Đại Dịch;5k;Bình Thường Mới,,Đường Phố,Hồi Hộp;Hoảng Sợ;Lo Lắng,
UFC00180051,,Archiving COVID-19 Heritage in Ho Chi Minh City,Dây bẹ ngăn cách không gian riêng và không gian chung,Rope barrier separating private and public spaces,IFUFC00180051.jpg,,,Cửa hàng bán dụng cụ học tập sử dụng một sợi dây bẹ để ngăn không cho người ngoài đi vào phía trong cửa hàng,Signboard about 5k on the wall. This signboard is in front of a children's swimming pool and reminds everyone to follow the health care guidelines.,Vietnamese,,,,,VNM,,Ho Chi Minh City,,"[10.775556, 106.701944]",,,,,,,,,,,Creative Commons BY-NC-ND,,,,accessible to public,,,,Trong Dịch,Thông Báo,Phát Minh,,,,,
UFC00180052,,Archiving COVID-19 Heritage in Ho Chi Minh City,Biển báo đường phố ,Street sign,IFUFC00180052.jpg,,,"Biển báo đường phố voi thông điệp chính ""không để dịch bệnh covid-19 lây lan ra cộng đồng"".",The stationery store uses a rope barrier to prevent outsiders from entering inside the store.,Vietnamese,,,,,VNM,,Ho Chi Minh City,,"[10.775556, 106.701944]",,,,,,,,,,,Creative Commons BY-NC-ND,,,,accessible to public,,,,Bình Thường Mới;Trong Dịch,Thông Báo;Chụp Điện Thoại,,Bình Thường Mới;Việt Nam Chiến Thắng Đại Dịch,,Đường Phố,,Giúp Đỡ Cộng Đồng
UFC00180053,,Archiving COVID-19 Heritage in Ho Chi Minh City,Rào chắn không gian bằng cách giăng dây,Space barrier by stringing ropes,IFUFC00180053.jpg,,,Một hộ dân sử dụng dây để tách biệt không gian riêng và không gian công cộng của nhà ở trước đường phố.,"Street sign with the main message ""do not let the covid-19 epidemic spread to the community"".",Vietnamese,,,,,VNM,,Ho Chi Minh City,,"[10.775556, 106.701944]",,,,,,,,,,,Creative Commons BY-NC-ND,,,,accessible to public,,,,Trong Dịch,Thông Báo,Phát Minh,,,,,
UFC00180054,,Archiving COVID-19 Heritage in Ho Chi Minh City,Poster kêu gọi tại thang máy,Elevator call-to-action poster,IFUFC00180054.jpg,,,Poster thân thiện với khán giả nhỏ tuổi được trang dựng ở trước thang máy.,A household uses a rope to separate private space and public space in front of the street.,Vietnamese,,,,,VNM,,Ho Chi Minh City,,"[10.775556, 106.701944]",,,,,,,,,,,Creative Commons BY-NC-ND,,,,accessible to public,,,,Bình Thường Mới,Thông Báo,Biển Hiệu Cổ Động,,,,,
UFC00180055,,Archiving COVID-19 Heritage in Ho Chi Minh City,Một ngôi nhà bán khẩu trang,A house selling masks,IFUFC00180055.jpg,,,Một ngôi nhà bán khẩu trang. Cổng có biển hiệu quảng cáo rằng nhà bán nhiều loại khẩu trang.,Kid-friendly poster set up in front of the elevator.,Vietnamese,,,,,VNM,,Ho Chi Minh City,,"[10.775556, 106.701944]",,,,,,,,,,,Creative Commons BY-NC-ND,,,,accessible to public,,,,Bình Thường Mới,Thông Báo;Quảng Cáo;Chụp Điện Thoại,Biển Hiệu Cổ Động,Bình Thường Mới,,,,
UFC00180056,,Archiving COVID-19 Heritage in Ho Chi Minh City,Đi học sau cách ly,Going to school after quarantine,IFUFC00180056.jpg,,,"""Đây là bức ảnh tôi được thấy khi ngày đầu tiên tôi trở lại trường học sau khoảng gần 1 năm học online tại nhà. Bức ảnh này minh hoạt quy tắc 5K phòng chống Covid một cách sinh động và nhiều màu sắc, nó bắt mắt hơn nhưng bảng thông báo khác. Bức ảnh này được đặt ngay cổng ra vào của trường học để mọi người dễ dàng thấy nó. Và đi kèm với bức ảnh cô gái thì có một cái máy để sinh viên quét mã QR (mã này được liên kết với an application, it is PC-COVID), và đo thân nhiệt của mọi người trước khi vào trường học.""",A house selling masks. The gate has a sign advertising that the house sells various types of masks.,Vietnamese,,,,,VNM,,Ho Chi Minh City,,"[10.775556, 106.701944]",,,,,,,,,,,Creative Commons BY-NC-ND,,,,accessible to public,,,,Bình Thường Mới,Thông Báo,,,,Trường Đại Học,,
UFC00180057,,Archiving COVID-19 Heritage in Ho Chi Minh City,Sản phẩm phòng dịch,Epidemic prevention products,IFUFC00180057.jpg,,,Sản phẩm phòng dịch được treo giá cho việc buôn bán.,"""This is the photo I saw on the first day I returned to school after nearly a year of online learning at home. This photo vividly and colorfully illustrates the 5K Covid prevention rules, making it more eye-catching than other notice boards. This photo is placed at the entrance of the school for everyone to easily see. Along with the photo of the girl, there is a machine for students to scan a QR code (linked to an application, it is PC-COVID), and measure everyone's body temperature before entering the school.""",Vietnamese,,,,,VNM,,Ho Chi Minh City,,"[10.775556, 106.701944]",,,,,,,,,,,Creative Commons BY-NC-ND,,,,accessible to public,,,,Bình Thường Mới;Trong Dịch,Quảng Cáo;Thông Báo,Dụng Cụ Y Tế,,,Nơi Công Cộng,,
UFC00180058,,Archiving COVID-19 Heritage in Ho Chi Minh City,"Bảng hiệu ""điểm tiêm vắc xin phòng covid-19""","Sign ""covid 19 vaccination point""",IFUFC00180058.jpg,,,"Bảng hiệu cho ""điểm tiêm vắc xin phòng covid-19"" với thông điệp khuyến khích mọi người tiêm vắc-xin",Epidemic prevention products displayed for sale.,Vietnamese,,,,,VNM,,Ho Chi Minh City,,"[10.775556, 106.701944]",,,,,,,,,,,Creative Commons BY-NC-ND,,,,accessible to public,,,,Bình Thường Mới;Tiêm Vaccine,,,Bình Thường Mới;Việt Nam Chiến Thắng Đại Dịch,,Đường Phố;Điểm Tiêm Vaccine,,HoTroTiemVaccine
UFC00180059,,Archiving COVID-19 Heritage in Ho Chi Minh City,Thông điệp 5K của bộ y tế,Ministry of Health's 5K message,IFUFC00180059.jpg,,,Bản in mẫu nhỏ về thông điệp 5K của bộ y tế.,"Sign for ""covid-19 vaccination point"" with a message encouraging everyone to get vaccinated.",Vietnamese,,,,,VNM,,Ho Chi Minh City,,"[10.775556, 106.701944]",,,,,,,,,,,Creative Commons BY-NC-ND,,,,accessible to public,,,,Bình Thường Mới,Thông Báo,,,,Nơi Công Cộng,,
UFC00180060,,Archiving COVID-19 Heritage in Ho Chi Minh City,Bảng hiệu trước mặt đường vào bãi đậu xe,Signboard in front of the road to the parking lot,IFUFC00180060.jpg,,,"Bảng hiệu trước mặt đường vào bãi đậu xe thông báo rằng ""ra vào bãi xe đeo khẩu trang"". Bảng này được người quản lý bãi đậu xe tự làm và đưa lên.",A small printed template about the 5K message from the Ministry of Health.,Vietnamese,,,,,VNM,,Ho Chi Minh City,,"[10.775556, 106.701944]",,,,,,,,,,,Creative Commons BY-NC-ND,,,,accessible to public,,,,Trong Dịch;Bình Thường Mới,Chụp Điện Thoại;Thông Báo;Quảng Cáo,Biển Hiệu Cổ Động,,,Đường Phố;Nhà,,Giúp Đỡ Cộng Đồng
UFC00180061,,Archiving COVID-19 Heritage in Ho Chi Minh City,Thông điệp 5K và đề nghị mang khẩu trang ở trụ sở công an,5K message and request to wear masks at the police station,IFUFC00180061.jpg,,,Poster treo tường kêu gọi người dân thực hiện thông điệp 5K và giữ khoảng cách an toàn ở trụ sơ công an.,"A signboard in front of the road to the parking lot stating ""enter and exit the parking lot wearing a mask"". This sign was made and put up by the parking lot manager.",Vietnamese,,,,,VNM,,Ho Chi Minh City,,"[10.775556, 106.701944]",,,,,,,,,,,Creative Commons BY-NC-ND,,,,accessible to public,,,,Bình Thường Mới,Thông Báo,,5k,,Nơi Công Cộng,,
UFC00180062,,Archiving COVID-19 Heritage in Ho Chi Minh City,Biển hiệu ngăn người lạ,Sign preventing strangers,IFUFC00180062.jpg,,,Bảng hiệu thông báo người lạ không được vào hẻm.,Wall poster calling on people to implement the 5K message and maintain a safe distance at the police station headquarters.,Vietnamese,,,,,VNM,,Ho Chi Minh City,,"[10.775556, 106.701944]",,,,,,,,,,,Creative Commons BY-NC-ND,,,,accessible to public,,,,Trong Dịch,Chụp Điện Thoại;Thông Báo,Biển Hiệu Cổ Động,,,Nhà;Đường Phố,Cô Đơn;Lo Lắng,
UFC00180063,,Archiving COVID-19 Heritage in Ho Chi Minh City,Thông báo đeo khẩu trang,Notice to wear masks,IFUFC00180063.jpg,,,Thông báo đeo khẩu trang trước khi vào phòng.,Signboard announcing that strangers are not allowed in the alley.,Vietnamese,,,,,VNM,,Ho Chi Minh City,,"[10.775556, 106.701944]",,,,,,,,,,,Creative Commons BY-NC-ND,,,,accessible to public,,,,Bình Thường Mới,Thông Báo,Dụng Cụ Y Tế,5k,,Nơi Công Cộng,,
UFC00180064,,Archiving COVID-19 Heritage in Ho Chi Minh City,Bảng hiệu trước mắt Vincom Đồng Khởi,Sign in front of Vincom Đồng Khởi,IFUFC00180064.jpg,,,"Bảng hiệu trước mắt Vincom Đồng Khởi, một trung tâm mua sắm bận rộn, thông báo  không nên tụ tập đông người.",Notice to wear a mask before entering the room.,Vietnamese,,,,,VNM,,Ho Chi Minh City,,"[10.775556, 106.701944]",,,,,,,,,,,Creative Commons BY-NC-ND,,,,accessible to public,,,,Bình Thường Mới;Trong Dịch,Thông Báo;Quảng Cáo;Chụp Điện Thoại,Biển Hiệu Cổ Động,Việt Nam Chiến Thắng Đại Dịch;Bình Thường Mới,Phong Tỏa,Đường Phố,,Cách Ly;Giúp Đỡ Cộng Đồng
UFC00180065,,Archiving COVID-19 Heritage in Ho Chi Minh City,Biển hiệu ngăn người lạ vào vùng xanh,Sign preventing strangers from entering the green zone,IFUFC00180065.jpg,,,"Bảng hiệu có tiêu đề nỗi : ""Chốt Bảo Vệ Vùng Xanh"" (vùng không có dịch) và có đề nghị không cho phép người lạ, shipper đi vào.","Signboard in front of Vincom Dong Khoi, a busy shopping center, announcing that gathering in large groups should be avoided.",Vietnamese,,,,,VNM,,Ho Chi Minh City,,"[10.775556, 106.701944]",,,,,,,,,,,Creative Commons BY-NC-ND,,,,accessible to public,,,,Trong Dịch;Bình Thường Mới,Thông Báo;Chụp Điện Thoại;Quảng Cáo,Biển Hiệu Cổ Động;Đồ Bảo Hộ,Bình Thường Mới,Phong Tỏa,Cơ Quan;Nhà,Hoảng Sợ;Lo Lắng;Cô Đơn,Cách Ly;Giúp Đỡ Cộng Đồng
UFC00180066,,Archiving COVID-19 Heritage in Ho Chi Minh City,Rào chắn cấm vào khu vực,Barrier prohibiting entry to the area,IFUFC00180066.jpg,,,Rào chắn dùng để cấm người hoặc xe vào khu vực,"Signboard with the title: ""Green Zone Security Checkpoint"" (area without an outbreak) and a request not to allow strangers or delivery personnel to enter.",Vietnamese,,,,,VNM,,Ho Chi Minh City,,"[10.775556, 106.701944]",,,,,,,,,,,Creative Commons BY-NC-ND,,,,accessible to public,,,,Bình Thường Mới;Trong Dịch,Chụp Điện Thoại,Biển Hiệu Cổ Động;Phát Minh,Bình Thường Mới,Phong Tỏa,Đường Phố,,
UFC00180067,,Archiving COVID-19 Heritage in Ho Chi Minh City,Máy khử khuẩn chỉ bán dịp dịch,Sanitizer machines sold only during the epidemic,IFUFC00180067.jpg,,,Mình phát hiện máy khử khuẩn ở siêu thị gần nhà.,Barriers used to prohibit people or vehicles from entering the area.,Vietnamese,,,Siêu Thị,,VNM,,Ho Chi Minh City,Quận 7,"[10.775556, 106.701944]",,,,,,,,,,,Creative Commons BY-NC-ND,,,,accessible to public,,,,Bình Thường Mới,Chụp Điện Thoại;Quảng Cáo,Dụng Cụ Y Tế;Phát Minh,,,Đường Phố,Hy Vọng;Biết Ơn,
UFC00180068,,Archiving COVID-19 Heritage in Ho Chi Minh City,Bên trong nhà container dùng bởi nhân viên y ,Inside the container house used by medical staff,IFUFC00180068.jpg,,,"Bên trong 1 ngôi nhà cọntainer từng được dùng bởi nhân viên y tế ở bệnh viện dã chiến huyện Bình Chánh. Trên sàn nhà bề bộn dụng cụ y tế, face mask.
",I found a disinfection machine at the supermarket near my house.,Vietnamese,,,,,VNM,,Ho Chi Minh City,"Đường Nguyễn Văn Linh, Huyện Bình Chánh","[10.775556, 106.701944]",,,,,,,,,,,Creative Commons BY-NC-ND,,,,accessible to public,,,,Bình Thường Mới,Nhiếp Ảnh,Dụng Cụ Y Tế;Đồ Bảo Hộ,,Phong Tỏa,Bệnh Viện Đa Chiến;Khu Cách Ly Tập Trung,Cô Đơn,Cách Ly
UFC00180069,,Archiving COVID-19 Heritage in Ho Chi Minh City,COVID poster chống dịch,COVID poster against the epidemic,IFUFC00180069.jpg,,,"Posters lên đường phố với thông điệp và hình ảnh khác nhau về covid, khuyến khích mọi người chống đại dịch để bảo vệ gia đình và cộng đồng.","Posters on the streets with different messages and images about Covid, encouraging everyone to fight the pandemic to protect their families and community.",Vietnamese,,,,,VNM,,Ho Chi Minh City,,"[10.775556, 106.701944]",,,,,,,,,,,Creative Commons BY-NC-ND,,,,accessible to public,,,,Bình Thường Mới;Trong Dịch,Thông Báo;Quảng Cáo;Chụp Điện Thoại,Đồ Bảo Hộ,Bình Thường Mới;Việt Nam Chiến Thắng Đại Dịch,,Đường Phố,,Giúp Đỡ Cộng Đồng
UFC00180070,,Archiving COVID-19 Heritage in Ho Chi Minh City,Rào chắn ở chợ Bên Thành,Barrier at Bến Thành market,IFUFC00180070.jpg,,,Rào chắn ở chợ Bên Thành dùng để cấm người vào chợ Bến Thành trong thời dịch,Barriers at Ben Thanh market used to prohibit people from entering Ben Thanh market during the epidemic.,Vietnamese,,,,,VNM,,Ho Chi Minh City,Chợ Bến Thành,"[10.775556, 106.701944]",,,,,,,,,,,Creative Commons BY-NC-ND,,,,accessible to public,,,,Trong Dịch,Chụp Điện Thoại,,,,Đường Phố,,Cách Ly
UFC00180071,,Archiving COVID-19 Heritage in Ho Chi Minh City,Thông điệp 5K,5K message,IFUFC00180071.jpg,,,Thông điệp 5K được in lớn trước không gian công cộng,The 5K message is printed large in front of public spaces.,Vietnamese,,,,,VNM,,Ho Chi Minh City,,"[10.775556, 106.701944]",,,,,,,,,,,Creative Commons BY-NC-ND,,,,accessible to public,,,,Bình Thường Mới,Thông Báo,,5k,,Nơi Công Cộng,,
UFC00180072,,Archiving COVID-19 Heritage in Ho Chi Minh City,Bảng thông tin trước công trường,Information board in front of the construction site,IFUFC00180072.jpg,,,Bảng thông tin cho công nhân xây dựng ,Information board for construction workers.,Vietnamese,,,,,VNM,,Ho Chi Minh City,,"[10.775556, 106.701944]",,,,,,,,,,,Creative Commons BY-NC-ND,,,,accessible to public,,,,Bình Thường Mới;Trong Dịch,Chụp Điện Thoại;Thông Báo,Đồ Bảo Hộ,Bình Thường Mới;Việt Nam Chiến Thắng Đại Dịch,,Đường Phố;Nhà,,Giúp Đỡ Cộng Đồng
UFC00180073,,Archiving COVID-19 Heritage in Ho Chi Minh City,Cửa hàng đóng cửa,Store closed,IFUFC00180073.jpg,,,Cửa hàng đóng cửa im lìm. Nhiều số điện thoại cò Bất Động Sản phía trước. Cảnh tượng thường thấy sau đại dịch.,Closed store silently. Many real estate broker phone numbers in front. A common sight after the pandemic.,Vietnamese,,,,,VNM,,Ho Chi Minh City,,"[10.775556, 106.701944]",,,,,,,,,,,Creative Commons BY-NC-ND,,,,accessible to public,,,,Trong Dịch;Bình Thường Mới,Thông Báo;Quảng Cáo;Nhiếp Ảnh,Biển Hiệu Cổ Động,,,Đường Phố,Hoảng Sợ,Cách Ly;Thất Nghiệp
UFC00180074,,Archiving COVID-19 Heritage in Ho Chi Minh City,Thang máy,Elevator,IFUFC00180074.jpg,,,Thông điệp chống dịch trước cửa thang máy.,Epidemic prevention message in front of the elevator.,Vietnamese,,,,,VNM,,Ho Chi Minh City,,"[10.775556, 106.701944]",,,,,,,,,,,Creative Commons BY-NC-ND,,,,accessible to public,,,,Bình Thường Mới,Thông Báo,,,,Nơi Công Cộng,,
UFC00180075,,Archiving COVID-19 Heritage in Ho Chi Minh City,Một con đường sau dịch,A road after the epidemic,IFUFC00180075.jpg,,,"Rất nhiều cửa tiệm đóng cửa, mặt bằng để trống","Many stores closed, premises left vacant.",Vietnamese,,,,,VNM,,Ho Chi Minh City,,"[10.775556, 106.701944]",,,,,,,,,,,Creative Commons BY-NC-ND,,,,accessible to public,,,,Bình Thường Mới,Chụp Điện Thoại,,,,Đường Phố,Lo Lắng;Chán Nản,Thất Nghiệp
UFC00180076,,Archiving COVID-19 Heritage in Ho Chi Minh City,Bảng hiệu ở chùa Vĩnh Nghiêm,Signboard at Vĩnh Nghiêm pagoda,IFUFC00180076.jpg,,,"Bảng hiệu có tiêu đề ""Tầm quan trọng của việc đeo khẩu trang"" và loạt hình ảnh chứng minh cách đeo khẩu trang giúp tránh nhiễm covid ","Signboard titled ""The importance of wearing masks"" with a series of images demonstrating how wearing masks helps prevent Covid infection.",Vietnamese,,,,,VNM,,Ho Chi Minh City,,"[10.775556, 106.701944]",,,,,,,,,,,Creative Commons BY-NC-ND,,,,accessible to public,,,,Bình Thường Mới,Thông Báo;Chụp Điện Thoại,Biển Hiệu Cổ Động;Khẩu Trang,Bình Thường Mới,,Nơi Công Cộng,,Giúp Đỡ Cộng Đồng
UFC00180077,,Archiving COVID-19 Heritage in Ho Chi Minh City,Bánh Sinh Nhật bằng cây xương rồng,Birthday cake made of cactus,IFUFC00180077.jpg,,,"Trong đợt dịch, mình cảm thấy rất bí bách với việc thiếu ánh sáng mặt trời, do nhà mình trong ngõ và bị các nhà khác xây che sáng cửa sổ. Một hôm mình đi siêu thị qua cửa hàng cây cảnh, mình thấy có mấy cây xương rồng mà tên họ cây được gọi là bánh sinh nhật, mình cảm thấy một sự đồng cảm với chúng về việc thiếu ánh nắng sinh học.
Nên nhân dịp chính sinh nhật mình, mình mua 3 cây về trồng vào yên xe máy cũ, thứ mà mình cũng không muốn bán đi và đang được gửi ở bãi đỗ xe bên ngoài.
Sau đó, buổi trưa hàng ngày mình sẽ đi bộ ra khỏi hàng rào khu vực cách ly, sang bãi đỗ xe ở ngay đối diện hàng rào, nơi cách nhà mình khoảng 200m để dắt xe ra và cây xương rồng ra tắm nắng, rồi cuối buổi chiều lại dắt xe vào khu có mái che. Việc này để mình có cớ và tự thôi miên tạo cho bản thân một trách nhiệm để ra ngoài tắm nắng. Và nó cũng khá dễ dàng do nhà mình nằm trong hai ngõ thông nhau, chỉ có một ngõ có người trông, ngõ mình đi thì không có bảo vệ nào cả. Việc này cứ kéo dài cho đến khi hàng rào cách ly được gỡ và nó làm mình cũng cảm thấy được thư giãn bớt bí bách","During the epidemic, I felt very stifled due to the lack of sunlight, as my house is in an alley and blocked by other houses covering the windows. One day, while going to the supermarket, I passed by a plant store and saw some cactus plants named 'birthday cakes,' and I felt a sense of empathy with them for lacking biological sunlight. So, on my birthday, I bought 3 plants and planted them in an old motorcycle seat, something I didn't want to sell and was currently stored at an outside parking lot. Then, every noon, I would walk out of the quarantine area's fence to the parking lot directly opposite, about 200 meters from my house, to bring out the motorcycle and the cacti to sunbathe, and then bring them back under the shelter in the late afternoon. This gave me an excuse and self-hypnosis to create a responsibility for myself to go outside for sunbathing. It was also quite easy since my house is located in two interconnected alleys, only one of which is guarded, and the one I use has no security. This continued until the quarantine fence was removed, and it also made me feel a bit more relaxed and less stifled.",Vietnamese,,,,,VNM,,Ho Chi Minh City,,"[10.775556, 106.701944]",,,,,,,,,,,Creative Commons BY-NC-ND,,,,accessible to public,,,,Trong Dịch,Chụp Điện Thoại;Hội Hoạ Đường Phố,,,,Nhà,Chán Nản,Cách Ly;Sở Thích Mua Dịch
UFC00180078,,Archiving COVID-19 Heritage in Ho Chi Minh City,Biển báo thông tin trên cửa,Information sign on the door,IFUFC00180078.jpg,,,Cửa vào công trường có dán thông tin về việc kiểm tra để ngăn chặn sự lây lan của covid,The entrance to the construction site has posted information about inspections to prevent the spread of covid.,Vietnamese,,,,,VNM,,Ho Chi Minh City,,"[10.775556, 106.701944]",,,,,,,,,,,Creative Commons BY-NC-ND,,,,accessible to public,,,,Bình Thường Mới;Trong Dịch,Chụp Điện Thoại;Thông Báo,Đồ Bảo Hộ,Bình Thường Mới,,,,
UFC00180079,,Archiving COVID-19 Heritage in Ho Chi Minh City,Băng rôn phòng chống dịch covid,Banner for covid epidemic prevention,IFUFC00180079.jpg,,,Băng rôn xanh chống dịch trước ký túc xá nội trú tại trung tâm giáo dục quốc phòng ở Thủ Đức.,Green epidemic prevention banner in front of the dormitory at the defense education center in Thu Duc.,Vietnamese,,,,,VNM,,Ho Chi Minh City,,"[10.775556, 106.701944]",,,,,,,,,,,Creative Commons BY-NC-ND,,,,accessible to public,,,,Trong Dịch,Thông Báo,Biển Hiệu Cổ Động,,,Đường Phố;Nơi Công Cộng,,
UFC00180080,,Archiving COVID-19 Heritage in Ho Chi Minh City,Ban chỉ ,Directive board,IFUFC00180080.jpg,,,"'Ban chỉ huy' là 1 ngôi nhà cọntainer từng được dùng bởi nhân viên y tế ở bệnh viện dã chiến huyện Bình Chánh. 
",The 'Command center' is a container house that was used by medical staff at the Binh Chanh district field hospital.,Vietnamese,,,,,VNM,,Ho Chi Minh City,"Địa điểm: Đường Nguyễn Văn Linh, Huyện Bình ","[10.775556, 106.701944]",,,,,,,,,,,Creative Commons BY-NC-ND,,,,accessible to public,,,,Bình Thường Mới,Nhiếp Ảnh,Rào Chắn,,,Bệnh Viện Đa Chiến;Khu Cách Ly Tập Trung,Cô Đơn,Cách Ly
UFC00180081,,Archiving COVID-19 Heritage in Ho Chi Minh City,Cơ quan trong dịch,Agency during the epidemic,IFUFC00180081.jpg,,,Một cơ quan trống trải trong thời dịch.,An empty office during the epidemic.,Vietnamese,,,,,VNM,,Ho Chi Minh City,,"[10.775556, 106.701944]",,,,,,,,,,,Creative Commons BY-NC-ND,,,,accessible to public,,,,Trong Dịch,Thông Báo,,,,Cơ Quan,,
UFC00180082,,Archiving COVID-19 Heritage in Ho Chi Minh City,Phòng tập thể hình,Gym,IFUFC00180082.jpg,,,Chặn cửa ra vào của phòng tập thể hình,Blocking the entrance to the gym.,Vietnamese,,,,,VNM,,Ho Chi Minh City,,"[10.775556, 106.701944]",,,,,,,,,,,Creative Commons BY-NC-ND,,,,accessible to public,,,,Trong Dịch,Thông Báo,,,,,,
UFC00180083,,Archiving COVID-19 Heritage in Ho Chi Minh City,Hệ thống check in,Check in system,IFUFC00180083.jpg,,,Rửa tay và đo nhiệt độ tại trường Đại Học Khoa Học Xã Hội và Nhân Văn.,Hand washing and temperature checking at the University of Social Sciences and Humanities.,Vietnamese,,,,,VNM,,Ho Chi Minh City,,"[10.775556, 106.701944]",,,,,,,,,,,Creative Commons BY-NC-ND,,,,accessible to public,,,,Bình Thường Mới,Thông Báo,,,,Nơi Công Cộng,,
UFC00180084,,Archiving COVID-19 Heritage in Ho Chi Minh City,Trồng hoa đậu biếc ,Planting butterfly pea flowers,IFUFC00180084.jpg,,,"Đây là bạn cùng phòng của mình, trồng hoa đậu biếc trong cái thùng xốp nhỏ xíu. Một hôm, bạn ấy tự dưng muốn trồng cây. Phần vì không đi ra ngoài được, và bạn ấy thích quan sát cây lớn. Mình chụp bức ảnh này trên nóc nhà ký túc xá. Mình luôn ngồi trên nóc nhà, từ sáng tới tối muộn, ngắm máy bay và xe cộ bên đường. Sau khi hết giãn cách xã hội thì cái cây chết. Bức hình sau mình chụp bạn dọn dẹp khu vườn nhỏ bé của bạn ấy. ","This is my roommate, planting butterfly pea flowers in a tiny foam box. One day, they suddenly wanted to plant something. Partly because they couldn't go outside, and they liked watching plants grow. I took this photo on the roof of the dormitory. I always sit on the roof, from morning to late night, watching airplanes and vehicles on the road. After the social distancing ended, the plant died. The following photo shows my friend cleaning up their tiny garden.",Vietnamese,,,,,VNM,,Ho Chi Minh City,,"[10.775556, 106.701944]",,,,,,,,,,,Creative Commons BY-NC-ND,,,,accessible to public,,,,Trong Dịch,Chụp Điện Thoại,,,,Nhà,,Cách Ly;Sở Thích Mua Dịch;Học
UFC00180085,,Archiving COVID-19 Heritage in Ho Chi Minh City,Bảng hiệu lên cửa sổ,Sign up to the window,IFUFC00180085.jpg,,,"Một bảng hiệu lên cửa sổ với thông báo"" Cấm tụ tập, để phòng tránh, ngăn ngừa dịch bệnh Covid-19, cảm ơn.'","A sign on a window stating ""No gathering, to prevent and control the Covid-19 epidemic, thank you.""",Vietnamese,,,,,VNM,,Ho Chi Minh City,,"[10.775556, 106.701944]",,,,,,,,,,,Creative Commons BY-NC-ND,,,,accessible to public,,,,Trong Dịch;Bình Thường Mới,Thông Báo;Quảng Cáo;Chụp Điện Thoại,Biển Hiệu Cổ Động,,Phong Tỏa,Nhà;Đường Phố,Cô Đơn,
UFC00180086,,Archiving COVID-19 Heritage in Ho Chi Minh City,Vắc xin tốt nhất,Best vaccine,IFUFC00180086.jpg,,,Vắc xin phòng ngừa Covid-19 hiệu quả nhất là vắc xin được tiêm sớm nhất.,The most effective Covid-19 prevention vaccine is the one administered earliest.,Vietnamese,,,,,VNM,,Ho Chi Minh City,,"[10.775556, 106.701944]",,,,,,,,,,,Creative Commons BY-NC-ND,,,,accessible to public,,,,Tiêm Vaccine,Chụp Điện Thoại;Thông Báo,Biển Hiệu Cổ Động,Bình Thường Mới,Tiêm Vaccine Tập Trung,Đường Phố,Hy Vọng,
UFC00180087,,Archiving COVID-19 Heritage in Ho Chi Minh City,Quận Phú Nhuận một chiều sau dịch,Phú Nhuận district one way after the epidemic,IFUFC00180087.jpg,,https://chuyenthoidichproj.wixsite.com/ctdtest1/post/tp-hcm-nh%C3%ACn-l%E1%BA%A1i-t%C3%ACnh-h%C3%ACnh-h%C3%ACnh-d%E1%BB%8Bch-b%E1%BB%87nh-trong-nh%E1%BB%AFng-ng%C3%A0y-th%E1%BB%B1c-hi%E1%BB%87n-gi%C3%A3n-c%C3%A1ch-to%C3%A0n-th%C3%A0nh-ph%E1%BB%91,"Cảm ơn đời vẫn còn thở ở đây, trong khung cảnh mỹ miều này.","Grateful to still be breathing here, in this beautiful setting.",Vietnamese,,,,,VNM,,Ho Chi Minh City,,"[10.775556, 106.701944]",,,,,,,,,,,Creative Commons BY-NC-ND,,,,accessible to public,,,,Trong Dịch,Nhiếp Ảnh;Chụp Điện Thoại,,,,Đường Phố,Hy Vọng,
UFC00180088,,Archiving COVID-19 Heritage in Ho Chi Minh City,Chỉ đạo của chính phủ,Government directive,IFUFC00180088.jpg,,,Chỉ đạo phòng chống dịch của chính phủ được trưng bày trước không gian công cộng.,Government directives for epidemic prevention displayed in front of public spaces.,Vietnamese,,,,,VNM,,Ho Chi Minh City,,"[10.775556, 106.701944]",,,,,,,,,,,Creative Commons BY-NC-ND,,,,accessible to public,,,,Bình Thường Mới,Thông Báo,,,,Nơi Công Cộng,,
UFC00180089,,Archiving COVID-19 Heritage in Ho Chi Minh City,Tấm chắn bọt/ Face shield bị bỏ quên,Foam barrier/ Forgotten face shield,IFUFC00180089.jpg,,,Tấm chắn bọt/ Face shield bị bỏ quên ở bệnh viện dã chiến Huyện Bình Chánh,Foam barrier/face shield forgotten at the Binh Chanh District field hospital.,Vietnamese,,,,,VNM,,Ho Chi Minh City,"Đường Nguyễn Văn Linh, Huyện Bình Chánh","[10.775556, 106.701944]",,,,,,,,,,,Creative Commons BY-NC-ND,,,,accessible to public,,,,Bình Thường Mới,Nhiếp Ảnh,Dụng Cụ Y Tế;Đồ Bảo Hộ,,,Bệnh Viện Đa Chiến;Khu Cách Ly Tập Trung,Cô Đơn,Cách Ly
UFC00180090,,Archiving COVID-19 Heritage in Ho Chi Minh City,Tranh tường 5-không,Number 5 wall painting,IFUFC00180090.jpg,,,Tranh tường miêu tả y tá và bác sĩ đứng trước quy định 5 không.,Wall painting depicting nurses and doctors standing in front of the 5 no's rule.,Vietnamese,,,,,VNM,,Ho Chi Minh City,,"[10.775556, 106.701944]",,,,,,,,,,,Creative Commons BY-NC-ND,,,,accessible to public,,,,Bình Thường Mới,Hội Hoạ,,,,,,
UFC00180091,,Archiving COVID-19 Heritage in Ho Chi Minh City,Green zone: Chốt bảo vệ vùng xanh,Green zone: Green area security checkpoint,IFUFC00180091.jpg,,,Chốt bảo vệ của một khu hẻm ở Sài Gòn,Security checkpoint of an alley in Saigon.,Vietnamese,,,,,VNM,,Ho Chi Minh City,,"[10.775556, 106.701944]",,,,,,,,,,,Creative Commons BY-NC-ND,,,,accessible to public,,,,Trong Dịch,Thông Báo,Phát Minh;Biển Hiệu Cổ Động,,,Đường Phố;Nơi Công Cộng;Nhà,,
UFC00180092,,Archiving COVID-19 Heritage in Ho Chi Minh City,Biển hiệu cho điểm tiêm vắc xin phòng covid,Sign for covid vaccination point,IFUFC00180092.jpg,,,"Biển hiệu cho điểm tiêm vắc xin phòng Covid và mốt biển hiệu thông báo ""Tháng 8 là tháng cao điểm tiêm vắc xin phong Covid-19 cho trẻ em từ 5 đến 18 tuổi.""","Sign for a Covid vaccination point and another sign announcing ""August is the peak month for Covid-19 vaccination for children aged 5 to 18.""",Vietnamese,,,,,VNM,,Ho Chi Minh City,,"[10.775556, 106.701944]",,,,,,,,,,,Creative Commons BY-NC-ND,,,,accessible to public,,,,Tiêm Vaccine;Bình Thường Mới,Quảng Cáo;Thông Báo;Chụp Điện Thoại,Biển Hiệu Cổ Động,Việt Nam Chiến Thắng Đại Dịch,Tiêm Vaccine Tập Trung,Điểm Tiêm Vaccine,,HoTroTiemVaccine;Giúp Đỡ Cộng Đồng
UFC00180093,,Archiving COVID-19 Heritage in Ho Chi Minh City,Rào chắn trước một cửa hàng đóng cửa,Barrier in front of a closed store,IFUFC00180093.jpg,,,Rào chắn trước một cửa hàng đóng cửa người với dán thông cáo nói rằng nhà bán,Barrier in front of a closed store with a display stating the house is for sale.,Vietnamese,,,,,VNM,,Ho Chi Minh City,,"[10.775556, 106.701944]",,,,,,,,,,,Creative Commons BY-NC-ND,,,,accessible to public,,,,Trong Dịch;Bình Thường Mới,Chụp Điện Thoại;Thông Báo,Biển Hiệu Cổ Động,Bình Thường Mới,Phong Tỏa,Đường Phố,Lo Lắng;Cô Đơn,Cách Ly
UFC00180094,,Archiving COVID-19 Heritage in Ho Chi Minh City,Xe sách nghĩa tình dành cho khu cách ly,Book truck for quarantine area,IFUFC00180094.jpg,,,"Có những chuyến xe như vậy: Đầy sách và những vật dụng, những tài khoản công nghệ giúp cho đời sống trong khu Cách Ly bớt căng thẳng và nhàm chán. ","There are vehicles like this: Full of books and items, tech accounts that make life in the Quarantine area less stressful and boring.",Vietnamese,,,,,VNM,,Ho Chi Minh City,,"[10.775556, 106.701944]",,,,,,,,,,,Creative Commons BY-NC-ND,,,,accessible to public,,,,Trong Dịch,Chụp Điện Thoại;Thông Báo,Biển Hiệu Cổ Động;Đồ Cứu Trợ,,Phong Tỏa,Khu Cách Ly Tập Trung,Biết Ơn;Hy Vọng,Giúp Đỡ Cộng Đồng;Cách Ly;Sở Thích Mua Dịch
UFC00180095,,Archiving COVID-19 Heritage in Ho Chi Minh City,Diễn họa đường phố sau dịch,Street illustration after the epidemic,IFUFC00180095.jpg,,,Một họa sĩ sơn một cảnh có bảng hiệu lên đường phố. Bảng hiệu có thông điệp khuyến khích mọi người tuân theo các quy tắc để ngăn chặn sự lây lan của Covid.,An artist paints a scene with a signboard on the street. The signboard has a message encouraging everyone to follow the rules to prevent the spread of Covid.,Vietnamese,,,,,VNM,,Ho Chi Minh City,,"[10.775556, 106.701944]",,,,,,,,,,,Creative Commons BY-NC-ND,,,,accessible to public,,,,Bình Thường Mới,Chụp Điện Thoại,,Bình Thường Mới,,Đường Phố,Hy Vọng,
UFC00180096,,Archiving COVID-19 Heritage in Ho Chi Minh City,Thang máy,Elevator,IFUFC00180096.jpg,,,Tờ báo hiệu yêu cầu cư dân mang khẩu trang trong thang máy.,A sign requesting residents to wear masks in the elevator.,Vietnamese,,,,,VNM,,Ho Chi Minh City,,"[10.775556, 106.701944]",,,,,,,,,,,Creative Commons BY-NC-ND,,,,accessible to public,,,,Bình Thường Mới,Thông Báo,,,,,,
UFC00180097,,Archiving COVID-19 Heritage in Ho Chi Minh City,Rào chắn ở trên đường phố,Street barrier,IFUFC00180097.jpg,,,Rào chắn ở trên đường phố. Khung cảnh thường thấy giữa tâm dịch.,Barriers on the streets. A common sight during the peak of the epidemic.,Vietnamese,,,,,VNM,,Ho Chi Minh City,,"[10.775556, 106.701944]",,,,,,,,,,,Creative Commons BY-NC-ND,,,,accessible to public,,,,Trong Dịch;Bình Thường Mới,Chụp Điện Thoại,Đồ Bảo Hộ,Bình Thường Mới,,Đường Phố,,Cách Ly;Giúp Đỡ Cộng Đồng
UFC00180098,,Archiving COVID-19 Heritage in Ho Chi Minh City,Biển hiệu xe điện ngầm,Subway sign,IFUFC00180098.jpg,,,"Băng rôn với hình ảnh của xe điện ngầm. Băng rôn này muốn mọi người nhìn qua covid và tập trung xây dựng lại ""Thích ứng an toàn, linh hoạt, kiểm soát hiệu quả dịch Covid-19, tiếp tục nâng cao chất lượng xây dựng chính quyền đô thị, cải thiện môi trường đầu tư, đồng hành cùng doanh nghiệp"". ","Banner with images of the subway. This banner encourages people to look beyond covid and focus on rebuilding ""Safe adaptation, flexibility, effective control of Covid-19, continuing to improve the quality of urban governance, improving the investment environment, accompanying businesses.""",Vietnamese,,,,,VNM,,Ho Chi Minh City,,"[10.775556, 106.701944]",,,,,,,,,,,Creative Commons BY-NC-ND,,,,accessible to public,,,,Bình Thường Mới,Quảng Cáo;Thông Báo;Chụp Điện Thoại,Biển Hiệu Cổ Động,Bình Thường Mới;Việt Nam Chiến Thắng Đại Dịch,,Đường Phố,Hy Vọng,
UFC00180099,,Archiving COVID-19 Heritage in Ho Chi Minh City,Hàng rào chống dịch,Epidemic fence,IFUFC00180099.jpg,,,"Hàng rào tự chế trước nhà hàng, khách sạn tư nhân phòng chống dịch. ","Homemade barriers in front of restaurants, private hotels for epidemic prevention.",Vietnamese,,,,,VNM,,Ho Chi Minh City,,"[10.775556, 106.701944]",,,,,,,,,,,Creative Commons BY-NC-ND,,,,accessible to public,,,,Trong Dịch,Thông Báo,Phát Minh,,,Đường Phố;Nơi Công Cộng,,
UFC00180100,,Archiving COVID-19 Heritage in Ho Chi Minh City,Lối vào một công trường xây dựng,Entrance to a construction site,IFUFC00180100.jpg,,,Bàn ở lối vào một công trường xây dựng với nước khử trùng để cho người làm việc sử dụng trước khi đi vào làm.,Table at the entrance of a construction site with disinfectant for workers to use before entering.,Vietnamese,,,,,VNM,,Ho Chi Minh City,,"[10.775556, 106.701944]",,,,,,,,,,,Creative Commons BY-NC-ND,,,,accessible to public,,,,Bình Thường Mới,Chụp Điện Thoại,Đồ Cứu Trợ;Đồ Bảo Hộ,,,Nơi Làm Việc,,Giúp Đỡ Cộng Đồng;Làm Việc
UFC00180101,,Archiving COVID-19 Heritage in Ho Chi Minh City,Thiết bị phòng dịch,Epidemic prevention equipment,IFUFC00180101.jpg,,,Thiết bị đo nhiệt độ và diệt khuẩn trước một không gian công cộng.,Temperature measuring and disinfection equipment in front of a public space.,Vietnamese,,,,,VNM,,Ho Chi Minh City,,"[10.775556, 106.701944]",,,,,,,,,,,Creative Commons BY-NC-ND,,,,accessible to public,,,,Bình Thường Mới,Thông Báo,,,,Nơi Công Cộng,,
UFC00180102,,Archiving COVID-19 Heritage in Ho Chi Minh City,Bảng hiệu trước mắt Đường Đồng Khởi,Signboard in front of Đồng Khởi Street,IFUFC00180102.jpg,,,"Bảng hiệu trước mắt Đường Đồng Khởi, một đường phố nổi tiếng và bận rộn. ","Signboard in front of Dong Khoi Street, a famous and busy street.",Vietnamese,,,,,VNM,,Ho Chi Minh City,,"[10.775556, 106.701944]",,,,,,,,,,,Creative Commons BY-NC-ND,,,,accessible to public,,,,Trong Dịch;Bình Thường Mới,Chụp Điện Thoại;Thông Báo;Quảng Cáo,Khẩu Trang;Biển Hiệu Cổ Động;Đồ Bảo Hộ,,,,,
UFC00180103,,Archiving COVID-19 Heritage in Ho Chi Minh City,Kỷ niệm 1 năm bị F0,Commemorating 1 year of being F0,IFUFC00180103.jpg,,,"Một ngày kỷ niệm kỳ lạ cho kỳ tích, sự hy sinh và tái sinh.","A strange commemoration day for miracles, sacrifices, and rebirth.",Vietnamese,,,,,VNM,,Ho Chi Minh City,,"[10.775556, 106.701944]",,,,,,,,,,,Creative Commons BY-NC-ND,,,,accessible to public,,,,Bình Thường Mới,Chụp Điện Thoại,Biển Hiệu Cổ Động,Bình Thường Mới;Việt Nam Chiến Thắng Đại Dịch,,,,
UFC00180104,,Archiving COVID-19 Heritage in Ho Chi Minh City,Băng rôn này với hình ảnh của một đường cao tốc và có một thông điệp tích cực về kế hoạch tương lai của Thành phố Hồ Chí Minh.,This banner with an image of a highway and a positive message about the future plan of Ho Chi Minh City.,IFUFC00180104.jpg,,,"Băng rôn này muốn mọi người mạnh mẽ hơn sau Covid và tập trung xây dựng lối sống mới ""Thích ứng an toàn, linh hoạt, kiểm soát hiệu quả dịch Covid-19, tiếp tục nâng cao chất lượng xây dựng chính quyền đô thị, cải thiện môi trường đầu tư, đồng hành cùng doanh nghiệp"". ","This banner wants people to be stronger after Covid and focus on building a new lifestyle ""Safe adaptation, flexibility, effective control of Covid-19, continuing to improve the quality of urban governance, improving the investment environment, accompanying businesses.""",Vietnamese,,,,,VNM,,Ho Chi Minh City,,"[10.775556, 106.701944]",,,,,,,,,,,Creative Commons BY-NC-ND,,,,accessible to public,,,,Bình Thường Mới,Chụp Điện Thoại;Thông Báo;Quảng Cáo,Biển Hiệu Cổ Động,Việt Nam Chiến Thắng Đại Dịch;Bình Thường Mới,,Đường Phố,Hy Vọng,
UFC00180105,,Archiving COVID-19 Heritage in Ho Chi Minh City,Cấm Shipper vào hẻm,No shippers in the alley,IFUFC00180105.jpg,,,Mình nhận thấy biển hiệu này biểu hiện sự sợ hãi của nhiều người dân trong mùa dịch.,I notice that this sign expresses the fear of many people during the epidemic.,Vietnamese,,,,,VNM,,Ho Chi Minh City,,"[10.775556, 106.701944]",,,,,,,,,,,Creative Commons BY-NC-ND,,,,accessible to public,,,,Trong Dịch,Thông Báo;Chụp Điện Thoại,Biển Hiệu Cổ Động,5k,,Đường Phố,Lo Lắng;Hoảng Sợ,
UFC00180106,,Archiving COVID-19 Heritage in Ho Chi Minh City,Thông báo hoạt động tại GEEK HUB,Operation notice at GEEK HUB,IFUFC00180106.jpg,,,"Geek Hub đã hoạt động trở lại với giới hạn về số người, vaccine và quy định khẩu trang.","Geek Hub has resumed operation with limitations on the number of people, vaccines, and mask regulations.",Vietnamese,,,,,VNM,,Ho Chi Minh City,,"[10.775556, 106.701944]",,,,,,,,,,,Creative Commons BY-NC-ND,,,,accessible to public,,,,Bình Thường Mới,Chụp Điện Thoại;Thông Báo;Quảng Cáo,,Bình Thường Mới,,,Hy Vọng,
UFC00180107,,Archiving COVID-19 Heritage in Ho Chi Minh City,Biển hiệu tích cực tại Pharmacity,Positive sign at Pharmacity,IFUFC00180107.jpg,,,"Biển hiệu ra ngoài nhà thuốc thông báo ""nhà thuốc tham gia phòng chống dịch Covid-19""",Sign outside the pharmacy announcing 'pharmacy participates in Covid-19 epidemic prevention.',Vietnamese,,,,,VNM,,Ho Chi Minh City,,"[10.775556, 106.701944]",,,,,,,,,,,Creative Commons BY-NC-ND,,,,accessible to public,,,,Bình Thường Mới;Trong Dịch,Thông Báo;Quảng Cáo;Chụp Điện Thoại,Biển Hiệu Cổ Động;Dụng Cụ Y Tế;Khẩu Trang;Đồ Bảo Hộ,Bình Thường Mới;Việt Nam Chiến Thắng Đại Dịch,,,,Giúp Đỡ Cộng Đồng
UFC00180108,,Archiving COVID-19 Heritage in Ho Chi Minh City,Biện pháp an toàn,Safety measures,IFUFC00180108.jpg,,,Cửa hiệu trưng bày biện pháp an toàn trước cửa ra vào,The store displays safety measures in front of the entrance.,Vietnamese,,,,,VNM,,Ho Chi Minh City,,"[10.775556, 106.701944]",,,,,,,,,,,Creative Commons BY-NC-ND,,,,accessible to public,,,,Bình Thường Mới,,Dụng Cụ Y Tế,,,,,
UFC00180109,,Archiving COVID-19 Heritage in Ho Chi Minh City,Tranh tường nhân viên y tế,Wall painting of medical staff,IFUFC00180109.jpg,,,"Bức tranh tường này vẽ các y bác sĩ tuyến như “chiến sĩ áo trắng” trong ánh sáng rực rỡ, hình ảnh như những hâm mộ anh hùng của xã hội.","This mural depicts frontline doctors and nurses as 'white-coated warriors' in bright light, as if they are the admired heroes of society.",Vietnamese,,,,,VNM,,Ho Chi Minh City,,"[10.775556, 106.701944]",,,,,,,,,,,Creative Commons BY-NC-ND,,,,accessible to public,,,,Bình Thường Mới,Chụp Điện Thoại,Đồ Bảo Hộ,Việt Nam Chiến Thắng Đại Dịch,,,Biết Ơn,Giúp Đỡ Cộng Đồng;Tình Nguyện
UFC00180110,,Archiving COVID-19 Heritage in Ho Chi Minh City,Thông báo hỗ trợ F0 F1,Notice of support for F0 F1,IFUFC00180110.jpg,,,"Một UBND thông báo v/v hỗ trợ người dân bị F0, F1","A local People's Committee announces support for residents affected by F0, F1.",Vietnamese,,,,,VNM,,Ho Chi Minh City,,"[10.775556, 106.701944]",,,,,,,,,,,Creative Commons BY-NC-ND,,,,accessible to public,,,,Bình Thường Mới,Chụp Điện Thoại;Thông Báo,Biển Hiệu Cổ Động,,,,Hy Vọng;Biết Ơn,Giúp Đỡ Cộng Đồng
UFC00180111,,Archiving COVID-19 Heritage in Ho Chi Minh City,Cửa hàng giặt ủi,Laundry shop,IFUFC00180111.jpg,,,"Biển hiệu của một cửa hàng đính kèm chức năng ""diệt khuẩn"" trong dịch vụ giặt ủi.",A sign of a store attaches the 'disinfection' function to its laundry service.,Vietnamese,,,,,VNM,,Ho Chi Minh City,,"[10.775556, 106.701944]",,,,,,,,,,,Creative Commons BY-NC-ND,,,,accessible to public,,,,Bình Thường Mới,Quảng Cáo,Phát Minh,Bình Thường Mới,,,,
UFC00180112,,Archiving COVID-19 Heritage in Ho Chi Minh City,Biển báo trước quầy thu ngân tại siêu thị,Sign in front of the supermarket cashier,IFUFC00180112.jpg,,,"Siêu thị Co.opMart bày trí bản hướng dẫn, nhắc nhở phòng chống covid tại nơi công cộng trước quầy thu ngân.",Co.opMart supermarket arranges guides and reminders for covid prevention in public areas before the cashier counter.,Vietnamese,,,,,VNM,,Ho Chi Minh City,,"[10.775556, 106.701944]",,,,,,,,,,,Creative Commons BY-NC-ND,,,,accessible to public,,,,Bình Thường Mới,Thông Báo,,,,,,
UFC00180113,,Archiving COVID-19 Heritage in Ho Chi Minh City,Biển báo trên rào chắn,Sign on the barrier,IFUFC00180113.jpg,,,Hẻm tự quản: ý thức công cộng ở một khu hẻm tự bảo vệ vùng không dịch.,Self-managed alley: public awareness in an alley that protects itself as a non-epidemic area.,Vietnamese,,,,,VNM,,Ho Chi Minh City,,"[10.775556, 106.701944]",,,,,,,,,,,Creative Commons BY-NC-ND,,,,accessible to public,,,,Trong Dịch;Bình Thường Mới,,,,,,,
UFC00180114,,Archiving COVID-19 Heritage in Ho Chi Minh City,Biểu ngữ sau dịch,Banner after the epidemic,IFUFC00180114.jpg,,,Cổ động ,Promoting the 5K message at the University of Social Sciences and Humanities.,Vietnamese,,,,,VNM,,Ho Chi Minh City,,"[10.775556, 106.701944]",,,,,,,,,,,Creative Commons BY-NC-ND,,,,accessible to public,,,,Bình Thường Mới,Thông Báo,,Việt Nam Chiến Thắng Đại Dịch,,,Hy Vọng,
UFC00180115,,Archiving COVID-19 Heritage in Ho Chi Minh City,Thông điệp 5K,5K message,IFUFC00180115.jpg,,,Thông điệp 5K tại trường Đại Học Khoa Học Xã Hội và Nhân Văn.,5K Message at the University of Social Sciences and Humanities.,Vietnamese,,,,,VNM,,Ho Chi Minh City,,"[10.775556, 106.701944]",,,,,,,,,,,Creative Commons BY-NC-ND,,,,accessible to public,,,,Bình Thường Mới,Thông Báo,,,,Nơi Công Cộng,,
UFC00180116,,Archiving COVID-19 Heritage in Ho Chi Minh City,Bảng hiệu LED điện tử,Electronic LED signboard,IFUFC00180116.jpg,,,"Bảng hiệu LED điện tử thông báo ""Tiêm nhắc vắc xin phòng Covid-19 đúng lịch. Giúp duy trì miễn dịch, phòng Covid-19 quay trở lại""","Electronic LED signboard announcing 'Get your Covid-19 vaccine booster on time. Helps maintain immunity, prevents Covid-19 resurgence.'",Vietnamese,,,,,VNM,,Ho Chi Minh City,,"[10.775556, 106.701944]",,,,,,,,,,,Creative Commons BY-NC-ND,,,,accessible to public,,,,Tiêm Vaccine;Bình Thường Mới,Thông Báo;Quảng Cáo;Chụp Điện Thoại,,,,Đường Phố;Điểm Tiêm Vaccine,,HoTroTiemVaccine
UFC00180117,,Archiving COVID-19 Heritage in Ho Chi Minh City,Khu sinh hoạt công cộng của một câu lạc bộ,Public activity area of a club,IFUFC00180117.jpg,,,"Yêu cầu chứng nhận an toàn: ""Hội sinh viên Câu lạc bộ Bi sắt vào sinh hoạt phải có thẻ xanh và giấy chứng nhận tiêm hai mũi.""",Safety certification requirement: 'Members of the Iron Ball Club must have a green card and a certificate of having two vaccine doses.',Vietnamese,,,,,VNM,,Ho Chi Minh City,,"[10.775556, 106.701944]",,,,,,,,,,,Creative Commons BY-NC-ND,,,,accessible to public,,,,Bình Thường Mới,Thông Báo,,,,,,
UFC00180118,,Archiving COVID-19 Heritage in Ho Chi Minh City,Tranh vẽ của trẻ ở trường mẫu giáo Sơn Ca 5,Children's drawing at Sơn Ca 5 kindergarten,IFUFC00180118.jpg,,,Tranh vẽ cộng đồng xung quanh trẻ mẫu giáo cùng nhau phòng chống covid.,Painting depicting the community around kindergarten children working together to prevent covid.,Vietnamese,,,,,VNM,,Ho Chi Minh City,,"[10.775556, 106.701944]",,,,,,,,,,,Creative Commons BY-NC-ND,,,,accessible to public,,,,Trong Dịch;Bình Thường Mới,Hội Hoạ,Biển Hiệu Cổ Động,,,,,
UFC00180119,,Archiving COVID-19 Heritage in Ho Chi Minh City,Bảng cấm người vào cửa hàng,Sign prohibiting people from entering the store,IFUFC00180119.jpg,,,Bảng cấm người vào cửa hàng và yêu cầu mọi người đợi bên ngoài,A sign prohibiting entry into the store and requesting people to wait outside.,Vietnamese,,,,,VNM,,Ho Chi Minh City,,"[10.775556, 106.701944]",,,,,,,,,,,Creative Commons BY-NC-ND,,,,accessible to public,,,,Bình Thường Mới;Trong Dịch,Chụp Điện Thoại;Thông Báo,Biển Hiệu Cổ Động,Bình Thường Mới,,Đường Phố,,Giúp Đỡ Cộng Đồng
UFC00180120,,Archiving COVID-19 Heritage in Ho Chi Minh City,Xe khử khuẩn tại Quận Phú Nhuận,Disinfection vehicle in Phú Nhuận District,IFUFC00180120.jpg,,,Một chiếc xe khử khuẩn tự chế,A homemade disinfection vehicle.,Vietnamese,,,,,VNM,,Ho Chi Minh City,"Ban CHQS Quận Phú Nhuận, TP.HCM","[10.775556, 106.701944]",,,,,,,,,,,Creative Commons BY-NC-ND,,,,accessible to public,,,,Trong Dịch,Chụp Điện Thoại,Phát Minh;Dụng Cụ Y Tế,Việt Nam Chiến Thắng Đại Dịch,Phong Tỏa,Cơ Quan,Hy Vọng,Tình Nguyện;Giúp Đỡ Cộng Đồng
UFC00180121,,Archiving COVID-19 Heritage in Ho Chi Minh City,Một áp phích chúc mừng mọi người đã vượt qua đại dịch,A poster congratulating everyone on overcoming the pandemic,IFUFC00180121.jpg,,,Một áp phích chúc mừng mọi người đã vượt qua đại dịch. Trong áp phích này có hai người trong áo bảo vệ với khẩu trang và nối cộng đồng chung tay vượt qua đại dịch.,"A poster congratulating everyone on overcoming the pandemic. This poster features two people in protective gear with masks, symbolizing the community coming together to overcome the pandemic.",Vietnamese,,,,,VNM,,Ho Chi Minh City,,"[10.775556, 106.701944]",,,,,,,,,,,Creative Commons BY-NC-ND,,,,accessible to public,,,,Bình Thường Mới,Chụp Điện Thoại;Thông Báo;Quảng Cáo,Khẩu Trang;Biển Hiệu Cổ Động,,,Đường Phố,Hy Vọng;Biết Ơn,Giúp Đỡ Cộng Đồng
UFC00180122,,Archiving COVID-19 Heritage in Ho Chi Minh City,Vùng màu xanh,Blue zone,IFUFC00180122.jpg,,,Vùng màu xanh là vùng không có khả năng lây nhiễm Covid-19. Băng rôn trong hình ảnh thông báo rằng không được cho người lạ hoặc người không cư trú bên trong khu phố và phải phun khử khuẩn hàng hóa trước khi vào trong khu phố,The green zone is an area with no risk of Covid-19 infection. The banner announces that strangers or non-residents are not allowed in the neighborhood and goods must be disinfected before entering.,Vietnamese,,,,,VNM,,Ho Chi Minh City,,"[10.775556, 106.701944]",,,,,,,,,,,Creative Commons BY-NC-ND,,,,accessible to public,,,,Bình Thường Mới;Trong Dịch,Thông Báo,,Bình Thường Mới,Phong Tỏa,Đường Phố;Nhà,,Giúp Đỡ Cộng Đồng;Cách Ly
UFC00180123,,Archiving COVID-19 Heritage in Ho Chi Minh City,Co.opMart Rạch Miễu,Co.opMart Rạch Miễu,IFUFC00180123.jpg,,,Đề nghị tuân thủ quy tắc phòng covid lại siêu thị.,A suggestion to adhere to covid prevention rules at the supermarket.,Vietnamese,,,,,VNM,,Ho Chi Minh City,,"[10.775556, 106.701944]",,,,,,,,,,,Creative Commons BY-NC-ND,,,,accessible to public,,,,Bình Thường Mới,Thông Báo,,5k,,Nơi Công Cộng,,
UFC00180124,,Archiving COVID-19 Heritage in Ho Chi Minh City,Công dụng khác của khẩu trang,Other uses of masks,IFUFC00180124.jpg,,,Khẩu trang dùng để che đầu nhọn của sào và trên tay lái xe đạp. Cho thấy mức độ phổ biến của việc sử dụng khẩu trang trong đại dịch đến mức chúng cũng bắt đầu có những công dụng khác.,Masks used to cover the sharp ends of poles and on bicycle handlebars. This shows the prevalence of mask usage during the pandemic to the extent that they are also beginning to have other uses.,Vietnamese,,,,,VNM,,Ho Chi Minh City,,"[10.775556, 106.701944]",,,,,,,,,,,Creative Commons BY-NC-ND,,,,accessible to public,,,,Trong Dịch;Bình Thường Mới,Chụp Điện Thoại,Khẩu Trang,Bình Thường Mới,,Nhà;Đường Phố,,
UFC00180125,,Archiving COVID-19 Heritage in Ho Chi Minh City,Tình nguyện viên Ngọc Nguyễn,Volunteer Ngọc Nguyễn,IFUFC00180125.jpg,,,Em là một thanh niên tình nguyện nhận được mệnh lệnh từ trái tim và khao khát được hỗ trợ giúp mọi người một phần nào đó. Em đi chống dịch được 3 tháng. Hiện tại em đang bị cách ly tập trung. Khi vô đây rất là sợ nhưng khi nhìn đồng đội mình đang ngoài kia hỗ trợ chống chọi với dịch thì tinh thần ý chí em đã vực dậy là phải cố lên để ra ngoài phụ mọi người tiếp tục thực hiện công việc. Mà mình thích cống hiến một chút sức trẻ thanh xuân của mình nó cũng là một chút kỉ niệm đó với em. Em tự hào là 1 công dân Việt Nam.,"I am a young volunteer who received orders from the heart and desire to help people somehow. I have been fighting the epidemic for 3 months. Currently, I am in centralized quarantine. Initially scared, but seeing my teammates out there fighting the epidemic, my spirit and willpower were revived. I have to try to get out and help everyone continue their work. I like to contribute a bit of my youthful energy, it's also a memory for me. I am proud to be a Vietnamese citizen.",Vietnamese,,,,,VNM,,Ho Chi Minh City,,"[10.775556, 106.701944]",,,,,,,,,,,Creative Commons BY-NC-ND,,,,accessible to public,,,,Trong Dịch,Chụp Điện Thoại,,Việt Nam Chiến Thắng Đại Dịch,,,Hy Vọng;Hoảng Sợ,Tình Nguyện
UFC00180126,,Archiving COVID-19 Heritage in Ho Chi Minh City,Rất gần với bình thường,Very close to normal,IFUFC00180126.jpg,,,Một biểu ngữ về Covid đã không còn được dùng tại một cơ quan,A Covid banner is no longer used at an agency.,Vietnamese,,,,,VNM,,Ho Chi Minh City,Phường ,"[10.775556, 106.701944]",,,,,,,,,,,Creative Commons BY-NC-ND,,,,accessible to public,,,,Bình Thường Mới,Chụp Điện Thoại;Thông Báo,Biển Hiệu Cổ Động,,,Cơ Quan,Hy Vọng,
UFC00180127,,Archiving COVID-19 Heritage in Ho Chi Minh City,Tranh tường bác sĩ chống dịch,Doctor fighting the epidemic wall painting,IFUFC00180127.jpg,,,"""Đây là bức ảnh tôi ấn tượng nhất vì có hình ảnh của các bác sĩ đang thực hiện công tác phòng chống dịch bệnh COVID-19. Bức hình ảnh gợi nhớ cho tôi về hành trình các bác sĩ và các tình nguyện viên khắp cả nước cố gắng hết sức để chiến đấu với COVID-19 trong các khu cách ly, đặc biệt là lúc dịch bệnh diễn ra căng thẳng và các thành phố lớn như Hồ Chí Minh, Đồng Nai, Bình Dương, Hà Nội was lockdown. You can see a short film about it, which was produced by VTV (a national channel). Bộ phim đã tái hiện lại một phần rất nhỏ trong cuộc chiến kinh khủng với Covid, bạn cần chuẩn bị tinh thần khi xem bộ phim này nhé.""","""This is the most impressive photo I have because it shows doctors fighting the COVID-19 pandemic. The photo reminds me of the journey of doctors and volunteers across the country trying their best to fight COVID-19 in quarantine areas, especially during tense times and in big cities like Ho Chi Minh, Dong Nai, Binh Duong, Hanoi were in lockdown. You can see a short film about it, produced by VTV (a national channel). The film reenacts a tiny part of the terrible battle with Covid, you need to be prepared mentally to watch this film.""",Vietnamese,,,,,VNM,,Ho Chi Minh City,,"[10.775556, 106.701944]",,,,,,,,,,,Creative Commons BY-NC-ND,,,,accessible to public,,,,Bình Thường Mới,Hội Hoạ,,,,Nơi Công Cộng,,
UFC00180128,,Archiving COVID-19 Heritage in Ho Chi Minh City,Đường phố Sàigòn với cửa hàng đóng cửa,Saigon streets with closed shops,IFUFC00180128.jpg,,,"Đường phố Sài Gòn với cửa hàng đóng cửa vì không chịu nổi những áp lực, tổn thất lớn về kinh tế.",Saigon streets with closed shops due to unbearable pressures and significant economic losses.,Vietnamese,,,,,VNM,,Ho Chi Minh City,,"[10.775556, 106.701944]",,,,,,,,,,,Creative Commons BY-NC-ND,,,,accessible to public,,,,Trong Dịch,Chụp Điện Thoại,,,,Đường Phố,,
UFC00180129,,Archiving COVID-19 Heritage in Ho Chi Minh City,Biểu ngữ đường phố,Street banner,IFUFC00180129.jpg,,,Biểu ngữ đường phố: Việt Nam chung sống an toàn với dịch Covid-19,Street banner: Vietnam safely coexists with the Covid-19 epidemic.,Vietnamese,,,,,VNM,,Ho Chi Minh City,,"[10.775556, 106.701944]",,,,,,,,,,,Creative Commons BY-NC-ND,,,,accessible to public,,,,Bình Thường Mới,Thông Báo;Chụp Điện Thoại,Biển Hiệu Cổ Động,Bình Thường Mới;Việt Nam Chiến Thắng Đại Dịch,,,,
UFC00180130,,Archiving COVID-19 Heritage in Ho Chi Minh City,Dịch vụ giao hàng Texas Chicken,Texas Chicken delivery service,IFUFC00180130.jpg,,,Thông điệp 5K trong dịch vụ giao hàng tại Texas Chicken,5K message in the delivery service at Texas Chicken.,Vietnamese,,,,,VNM,,Ho Chi Minh City,,"[10.775556, 106.701944]",,,,,,,,,,,Creative Commons BY-NC-ND,,,,accessible to public,,,,Bình Thường Mới,Quảng Cáo,,Bình Thường Mới,,,,
UFC00180131,,Archiving COVID-19 Heritage in Ho Chi Minh City,Thang máy,Elevator,IFUFC00180131.jpg,,,Dụng cụ hiếm phòng covid trước thang máy,Rare covid prevention equipment in front of the elevator.,Vietnamese,,,,,VNM,,Ho Chi Minh City,,"[10.775556, 106.701944]",,,,,,,,,,,Creative Commons BY-NC-ND,,,,accessible to public,,,,Bình Thường Mới,Thông Báo,,,,Nơi Công Cộng;Nhà,,
UFC00180132,,Archiving COVID-19 Heritage in Ho Chi Minh City,Covid đã qua chưa?,Has Covid passed yet?,IFUFC00180132.jpg,,,Một tấm áp phic phòng chống Covid-19,A Covid-19 prevention poster.,Vietnamese,,,,,VNM,,Ho Chi Minh City,,"[10.775556, 106.701944]",,,,,,,,,,,Creative Commons BY-NC-ND,,,,accessible to public,,,,Bình Thường Mới,Chụp Điện Thoại;Thông Báo,,,,,Hy Vọng,
